length,diameter,height,wholeweight,shuckedweight,visceraweight,shellweight,class,F,I,M
0.46,0.37,0.11,0.3965,0.1485,0.0855,0.1455,8,False,True,False
0.55,0.44,0.15,0.8945,0.3145,0.151,0.32,19,True,False,False
0.615,0.475,0.19,1.4335,0.7315,0.305,0.3285,9,False,False,True
0.65,0.5,0.185,1.4415,0.741,0.2955,0.341,9,True,False,False
0.295,0.215,0.07,0.121,0.047,0.0155,0.0405,6,False,True,False
0.425,0.32,0.085,0.262,0.1235,0.067,0.0725,8,False,True,False
0.67,0.525,0.17,1.4005,0.715,0.3025,0.387,9,False,False,True
0.57,0.45,0.165,0.903,0.3305,0.1845,0.295,14,True,False,False
0.58,0.49,0.195,1.3165,0.5305,0.254,0.41,18,False,True,False
0.56,0.455,0.155,0.797,0.34,0.19,0.2425,11,False,False,True
0.58,0.475,0.15,0.97,0.385,0.2165,0.35,11,False,False,True
0.325,0.24,0.075,0.187,0.0825,0.0445,0.05,6,False,True,False
0.245,0.19,0.06,0.086,0.042,0.014,0.025,4,False,True,False
0.41,0.315,0.095,0.2805,0.114,0.0345,0.11,7,False,True,False
0.615,0.49,0.155,0.9885,0.4145,0.195,0.345,13,False,True,False
0.6,0.485,0.145,0.776,0.3545,0.1585,0.239,9,True,False,False
0.505,0.405,0.11,0.625,0.305,0.16,0.175,9,False,False,True
0.71,0.565,0.2,1.601,0.706,0.321,0.45,11,False,False,True
0.615,0.5,0.205,1.1055,0.4445,0.227,0.39,16,True,False,False
0.645,0.51,0.2,1.5675,0.621,0.367,0.46,12,True,False,False
0.525,0.4,0.125,0.6965,0.369,0.1385,0.164,9,False,True,False
0.44,0.32,0.12,0.4565,0.2435,0.092,0.1025,8,False,False,True
0.3,0.23,0.075,0.127,0.052,0.03,0.0345,6,False,True,False
0.265,0.195,0.06,0.092,0.0345,0.025,0.0245,6,False,True,False
0.63,0.47,0.145,1.1005,0.52,0.26,0.276,9,False,False,True
0.615,0.495,0.16,1.255,0.5815,0.3195,0.3225,12,True,False,False
0.62,0.51,0.175,1.2815,0.5715,0.2385,0.39,10,False,False,True
0.485,0.41,0.15,0.696,0.2405,0.1625,0.265,13,False,False,True
0.52,0.425,0.125,0.79,0.372,0.205,0.19,8,False,False,True
0.455,0.335,0.135,0.501,0.274,0.0995,0.1065,7,False,True,False
0.625,0.475,0.16,1.0845,0.5005,0.2355,0.3105,10,False,False,True
0.63,0.49,0.17,1.217,0.5515,0.212,0.31,11,False,True,False
0.58,0.455,0.16,0.9215,0.312,0.196,0.3,17,True,False,False
0.615,0.475,0.17,1.129,0.4795,0.302,0.3,10,False,False,True
0.32,0.25,0.08,0.1565,0.057,0.034,0.06,9,False,True,False
0.375,0.275,0.09,0.238,0.1075,0.0545,0.07,6,False,True,False
0.4,0.315,0.09,0.33,0.151,0.068,0.08,6,False,True,False
0.505,0.39,0.12,0.5725,0.2555,0.1325,0.146,8,True,False,False
0.405,0.31,0.065,0.3205,0.1575,0.066,0.088,6,False,True,False
0.62,0.5,0.18,1.3915,0.726,0.2795,0.332,11,False,False,True
0.635,0.505,0.165,1.251,0.577,0.227,0.3825,11,True,False,False
0.64,0.51,0.17,1.3715,0.567,0.307,0.409,10,False,False,True
0.57,0.46,0.14,0.9535,0.4465,0.2065,0.245,12,False,False,True
0.54,0.415,0.15,0.8115,0.3875,0.1875,0.2035,9,True,False,False
0.42,0.325,0.115,0.2885,0.1,0.057,0.1135,15,False,False,True
0.575,0.47,0.15,1.1415,0.4515,0.204,0.4,13,False,False,True
0.455,0.435,0.11,0.4265,0.195,0.09,0.1205,8,False,True,False
0.615,0.52,0.15,1.3435,0.629,0.2605,0.345,10,True,False,False
0.33,0.225,0.075,0.187,0.0945,0.0395,0.0425,7,False,True,False
0.37,0.28,0.105,0.234,0.0905,0.0585,0.075,9,False,False,True
0.255,0.195,0.055,0.0725,0.0285,0.017,0.021,4,False,True,False
0.38,0.3,0.1,0.286,0.1305,0.056,0.09,7,False,True,False
0.59,0.47,0.17,0.9,0.355,0.1905,0.25,11,True,False,False
0.53,0.41,0.13,0.6965,0.302,0.1935,0.2,10,True,False,False
0.34,0.25,0.09,0.179,0.0775,0.033,0.055,6,False,True,False
0.595,0.485,0.15,1.0835,0.5305,0.231,0.276,8,False,False,True
0.57,0.45,0.155,1.195,0.5625,0.2565,0.295,10,False,False,True
0.585,0.455,0.155,1.133,0.5515,0.223,0.305,12,False,False,True
0.62,0.49,0.15,1.195,0.4605,0.302,0.355,9,False,False,True
0.55,0.425,0.145,0.89,0.4325,0.171,0.236,10,False,True,False
0.58,0.46,0.175,1.165,0.65,0.2205,0.3055,9,True,False,False
0.75,0.55,0.195,1.8325,0.83,0.366,0.44,11,True,False,False
0.565,0.44,0.15,0.863,0.435,0.149,0.27,9,True,False,False
0.595,0.43,0.165,0.9845,0.4525,0.207,0.2725,8,False,True,False
0.7,0.55,0.175,1.4405,0.6565,0.2985,0.375,12,False,False,True
0.525,0.43,0.135,0.8435,0.4325,0.18,0.1815,9,True,False,False
0.58,0.44,0.125,0.7855,0.363,0.1955,0.195,11,True,False,False
0.5,0.375,0.13,0.721,0.3055,0.1725,0.22,14,False,False,True
0.485,0.39,0.135,0.617,0.25,0.1345,0.1635,8,False,False,True
0.605,0.49,0.18,1.167,0.457,0.29,0.3745,9,False,False,True
0.33,0.26,0.085,0.1965,0.0915,0.0425,0.055,7,False,True,False
0.475,0.365,0.115,0.459,0.2175,0.093,0.1165,7,False,True,False
0.65,0.52,0.195,1.6275,0.689,0.3905,0.432,11,True,False,False
0.595,0.46,0.155,1.0455,0.4565,0.24,0.3085,10,True,False,False
0.63,0.485,0.16,1.243,0.623,0.275,0.3,10,False,False,True
0.36,0.265,0.085,0.1865,0.0675,0.037,0.0615,7,False,True,False
0.68,0.56,0.195,1.664,0.58,0.3855,0.545,11,True,False,False
0.465,0.355,0.115,0.4705,0.1955,0.118,0.126,7,True,False,False
0.64,0.5,0.175,1.394,0.4935,0.291,0.4,10,True,False,False
0.635,0.525,0.16,1.195,0.5435,0.246,0.335,12,False,False,True
0.455,0.355,0.08,0.452,0.2165,0.0995,0.125,9,False,True,False
0.625,0.49,0.165,1.1835,0.517,0.2375,0.39,11,False,False,True
0.65,0.545,0.23,1.752,0.5605,0.2895,0.815,16,True,False,False
0.45,0.335,0.115,0.3935,0.195,0.071,0.11,7,False,True,False
0.295,0.23,0.085,0.125,0.042,0.0285,0.043,8,False,False,True
0.575,0.45,0.125,0.78,0.3275,0.188,0.235,9,False,True,False
0.64,0.52,0.175,1.248,0.4245,0.2595,0.48,12,True,False,False
0.58,0.46,0.155,1.0335,0.469,0.2225,0.295,10,False,False,True
0.415,0.32,0.115,0.3045,0.1215,0.0735,0.094,7,False,True,False
0.625,0.515,0.165,1.217,0.667,0.2065,0.3115,10,False,False,True
0.655,0.51,0.15,1.043,0.4795,0.223,0.305,9,True,False,False
0.625,0.48,0.155,1.2035,0.5865,0.239,0.3185,12,True,False,False
0.635,0.5,0.18,1.2565,0.539,0.292,0.35,10,True,False,False
0.475,0.37,0.125,0.649,0.347,0.136,0.142,8,False,False,True
0.565,0.42,0.155,0.743,0.31,0.186,0.231,9,False,True,False
0.48,0.375,0.12,0.5895,0.2535,0.128,0.172,11,False,False,True
0.545,0.415,0.15,0.7335,0.2795,0.163,0.2185,11,True,False,False
0.67,0.54,0.175,1.482,0.739,0.2925,0.365,10,False,False,True
0.325,0.25,0.055,0.166,0.076,0.051,0.045,5,False,True,False
0.46,0.345,0.11,0.3755,0.1525,0.058,0.125,7,False,True,False
0.51,0.395,0.125,0.5805,0.244,0.1335,0.188,11,False,False,True
0.635,0.51,0.185,1.308,0.544,0.318,0.377,8,False,False,True
0.675,0.525,0.17,1.8095,0.784,0.391,0.455,12,True,False,False
0.6,0.505,0.19,1.129,0.4385,0.256,0.36,13,True,False,False
0.36,0.27,0.09,0.2225,0.083,0.053,0.075,6,False,False,True
0.615,0.475,0.175,1.224,0.6035,0.261,0.311,9,False,False,True
0.35,0.25,0.075,0.1695,0.0835,0.0355,0.041,6,False,True,False
0.655,0.52,0.17,1.1445,0.53,0.223,0.348,9,False,False,True
0.47,0.36,0.1,0.4705,0.1635,0.089,0.1385,8,True,False,False
0.58,0.46,0.16,1.063,0.513,0.2705,0.2625,9,False,False,True
0.505,0.41,0.135,0.657,0.291,0.133,0.195,15,True,False,False
0.31,0.215,0.075,0.1275,0.0565,0.0275,0.036,7,False,True,False
0.61,0.47,0.175,1.214,0.5315,0.2835,0.325,10,False,False,True
0.755,0.575,0.2,2.073,1.0135,0.4655,0.48,11,True,False,False
0.535,0.405,0.125,0.927,0.26,0.1425,0.345,16,True,False,False
0.395,0.305,0.105,0.282,0.0975,0.065,0.096,9,False,False,True
0.695,0.55,0.205,2.173,1.133,0.4665,0.496,10,False,False,True
0.6,0.47,0.135,0.97,0.4655,0.1955,0.264,11,True,False,False
0.585,0.46,0.15,1.0035,0.503,0.2105,0.2515,11,True,False,False
0.535,0.44,0.15,0.6765,0.256,0.139,0.26,12,False,False,True
0.665,0.525,0.175,1.443,0.6635,0.3845,0.353,11,False,False,True
0.65,0.51,0.16,1.3835,0.6385,0.2905,0.3665,9,False,False,True
0.605,0.455,0.145,0.9775,0.468,0.1775,0.275,9,True,False,False
0.595,0.455,0.14,0.914,0.3895,0.2225,0.271,9,True,False,False
0.585,0.47,0.145,0.9565,0.4025,0.2365,0.265,9,False,False,True
0.575,0.45,0.155,0.9765,0.495,0.2145,0.235,9,False,False,True
0.46,0.355,0.11,0.436,0.1975,0.096,0.125,8,False,True,False
0.555,0.435,0.145,0.9685,0.4985,0.168,0.2385,9,False,False,True
0.655,0.54,0.175,1.5585,0.7285,0.402,0.385,11,True,False,False
0.655,0.515,0.17,1.527,0.8485,0.2635,0.331,11,True,False,False
0.45,0.355,0.105,0.5225,0.237,0.1165,0.145,8,True,False,False
0.68,0.52,0.185,1.494,0.615,0.3935,0.406,11,True,False,False
0.685,0.505,0.19,1.533,0.667,0.4055,0.41,10,False,False,True
0.535,0.42,0.125,0.738,0.355,0.1895,0.1795,8,False,False,True
0.725,0.55,0.2,1.51,0.8735,0.4265,0.5085,9,False,False,True
0.465,0.37,0.1,0.5055,0.234,0.11,0.14,7,False,True,False
0.38,0.29,0.105,0.257,0.099,0.051,0.085,10,True,False,False
0.275,0.2,0.065,0.092,0.0385,0.0235,0.027,5,False,True,False
0.51,0.4,0.14,0.8145,0.459,0.1965,0.195,10,True,False,False
0.655,0.535,0.205,1.6445,0.7305,0.3595,0.46,13,False,False,True
0.385,0.28,0.09,0.228,0.1025,0.042,0.0655,5,False,True,False
0.275,0.22,0.08,0.1365,0.0565,0.0285,0.042,6,False,True,False
0.21,0.15,0.045,0.04,0.0135,0.008,0.0105,4,False,True,False
0.585,0.455,0.125,1.027,0.391,0.212,0.25,17,False,False,True
0.45,0.34,0.095,0.3245,0.1385,0.064,0.105,8,False,True,False
0.49,0.4,0.115,0.569,0.256,0.1325,0.145,9,True,False,False
0.45,0.355,0.105,0.4445,0.197,0.093,0.1335,8,False,True,False
0.595,0.5,0.165,1.06,0.402,0.28,0.275,11,False,False,True
0.31,0.235,0.07,0.151,0.063,0.0405,0.045,6,False,True,False
0.625,0.485,0.19,1.1745,0.4385,0.2305,0.42,17,True,False,False
0.585,0.46,0.17,1.0835,0.3745,0.326,0.325,14,True,False,False
0.63,0.515,0.16,1.336,0.553,0.3205,0.35,11,True,False,False
0.63,0.505,0.18,1.272,0.6025,0.295,0.315,11,False,True,False
0.35,0.265,0.11,0.2965,0.1365,0.063,0.085,7,False,False,True
0.645,0.485,0.15,1.2215,0.5695,0.2735,0.33,9,False,False,True
0.5,0.42,0.135,0.6765,0.302,0.1415,0.2065,9,False,False,True
0.505,0.385,0.15,0.6415,0.246,0.152,0.215,12,False,False,True
0.575,0.465,0.12,1.0535,0.516,0.2185,0.235,9,False,False,True
0.605,0.48,0.17,1.1835,0.582,0.2365,0.317,10,False,False,True
0.66,0.495,0.195,1.6275,0.594,0.3595,0.485,10,False,False,True
0.22,0.165,0.055,0.0545,0.0215,0.012,0.02,5,False,True,False
0.4,0.3,0.11,0.315,0.109,0.067,0.12,9,False,True,False
0.615,0.48,0.165,1.1615,0.513,0.301,0.305,10,True,False,False
0.535,0.45,0.135,0.8075,0.322,0.181,0.25,13,True,False,False
0.18,0.125,0.05,0.023,0.0085,0.0055,0.01,3,False,False,True
0.725,0.58,0.185,1.523,0.8045,0.3595,0.4375,9,True,False,False
0.37,0.275,0.08,0.227,0.093,0.0625,0.07,8,True,False,False
0.66,0.545,0.185,1.32,0.5305,0.2635,0.455,16,False,False,True
0.445,0.33,0.1,0.437,0.163,0.0755,0.17,13,False,True,False
0.6,0.475,0.155,1.21,0.653,0.1695,0.3205,10,True,False,False
0.505,0.375,0.115,0.5895,0.2635,0.12,0.167,10,True,False,False
0.55,0.43,0.14,0.8105,0.368,0.161,0.275,9,True,False,False
0.67,0.525,0.195,1.37,0.6065,0.2955,0.407,12,True,False,False
0.605,0.515,0.17,1.289,0.6,0.2945,0.3315,9,True,False,False
0.65,0.525,0.175,1.4225,0.61,0.2995,0.445,20,True,False,False
0.485,0.37,0.13,0.526,0.2485,0.105,0.1555,6,False,False,True
0.625,0.5,0.175,1.0565,0.4615,0.258,0.305,10,False,False,True
0.53,0.415,0.13,0.8425,0.275,0.1945,0.265,20,False,False,True
0.475,0.36,0.12,0.578,0.2825,0.12,0.17,8,False,False,True
0.44,0.33,0.115,0.4005,0.143,0.113,0.12,8,True,False,False
0.64,0.5,0.18,1.4995,0.593,0.314,0.431,11,True,False,False
0.39,0.31,0.1,0.302,0.116,0.064,0.115,11,False,True,False
0.535,0.4,0.135,0.775,0.368,0.208,0.2055,8,False,True,False
0.375,0.28,0.08,0.2025,0.0825,0.048,0.065,8,False,True,False
0.645,0.51,0.19,1.363,0.573,0.362,0.36,10,True,False,False
0.535,0.41,0.15,0.8105,0.345,0.187,0.24,11,False,False,True
0.595,0.455,0.15,1.044,0.518,0.2205,0.27,9,False,False,True
0.46,0.345,0.12,0.4935,0.2435,0.1175,0.132,8,False,False,True
0.415,0.31,0.09,0.3245,0.1305,0.0735,0.115,8,False,False,True
0.525,0.4,0.14,0.6055,0.2605,0.108,0.21,9,False,True,False
0.595,0.465,0.15,1.0765,0.491,0.22,0.287,9,True,False,False
0.63,0.48,0.145,1.0115,0.4235,0.237,0.305,12,False,False,True
0.515,0.375,0.11,0.6065,0.3005,0.131,0.15,6,True,False,False
0.555,0.425,0.13,0.7665,0.264,0.168,0.275,13,False,False,True
0.725,0.57,0.19,2.55,1.0705,0.483,0.725,14,False,False,True
0.535,0.42,0.165,0.9195,0.3355,0.1985,0.26,16,False,False,True
0.58,0.445,0.15,0.8865,0.383,0.209,0.255,11,False,True,False
0.49,0.38,0.135,0.5415,0.2175,0.095,0.19,11,False,False,True
0.47,0.355,0.18,0.441,0.1525,0.1165,0.135,8,True,False,False
0.225,0.17,0.05,0.0515,0.019,0.012,0.017,4,False,True,False
0.64,0.575,0.175,1.4585,0.625,0.266,0.4395,11,False,False,True
0.44,0.35,0.125,0.456,0.21,0.0955,0.131,8,False,True,False
0.515,0.4,0.17,0.796,0.258,0.1755,0.28,16,True,False,False
0.5,0.395,0.12,0.537,0.2165,0.1085,0.1785,9,False,True,False
0.53,0.4,0.125,0.7575,0.398,0.151,0.175,8,False,False,True
0.65,0.51,0.175,1.446,0.6485,0.2705,0.45,12,False,False,True
0.56,0.44,0.14,0.971,0.443,0.2045,0.265,14,False,False,True
0.575,0.455,0.155,1.013,0.4685,0.2085,0.295,11,False,False,True
0.5,0.4,0.13,0.6645,0.258,0.133,0.24,12,False,False,True
0.335,0.265,0.095,0.1975,0.0795,0.0375,0.07,9,False,False,True
0.65,0.495,0.155,1.337,0.615,0.3195,0.335,9,True,False,False
0.57,0.465,0.125,0.849,0.3785,0.1765,0.24,15,False,False,True
0.535,0.405,0.14,0.7315,0.336,0.156,0.19,7,False,False,True
0.605,0.5,0.185,1.1185,0.469,0.2585,0.335,9,True,False,False
0.46,0.365,0.115,0.511,0.2365,0.118,0.123,7,False,True,False
0.55,0.45,0.13,0.92,0.378,0.2385,0.29,11,False,False,True
0.225,0.165,0.055,0.059,0.027,0.0125,0.015,4,False,True,False
0.435,0.375,0.11,0.4155,0.17,0.076,0.145,8,False,True,False
0.585,0.465,0.17,0.9915,0.3865,0.224,0.265,12,True,False,False
0.52,0.415,0.14,0.6385,0.2945,0.1405,0.171,8,False,True,False
0.485,0.365,0.09,0.651,0.3165,0.132,0.18,8,False,True,False
0.485,0.37,0.14,0.5725,0.204,0.1415,0.175,10,False,False,True
0.5,0.39,0.135,0.7815,0.361,0.1575,0.2385,9,False,False,True
0.655,0.54,0.215,1.5555,0.695,0.296,0.444,11,True,False,False
0.415,0.31,0.105,0.3595,0.167,0.083,0.0915,6,False,True,False
0.61,0.5,0.18,1.438,0.5185,0.3735,0.3345,9,True,False,False
0.175,0.125,0.04,0.024,0.0095,0.006,0.005,4,False,False,True
0.62,0.49,0.16,1.056,0.493,0.244,0.2725,9,True,False,False
0.635,0.495,0.15,1.081,0.4825,0.242,0.31,11,False,False,True
0.54,0.42,0.14,0.8035,0.38,0.1805,0.21,9,True,False,False
0.65,0.525,0.19,1.6125,0.777,0.3685,0.3965,11,False,False,True
0.53,0.425,0.11,0.739,0.237,0.161,0.295,13,False,False,True
0.72,0.575,0.215,2.173,0.9515,0.564,0.5365,12,False,False,True
0.48,0.405,0.13,0.6375,0.277,0.1445,0.21,10,True,False,False
0.555,0.44,0.15,0.755,0.307,0.1525,0.26,12,False,False,True
0.54,0.415,0.11,0.619,0.2755,0.15,0.1765,10,False,True,False
0.48,0.365,0.1,0.461,0.2205,0.0835,0.135,8,False,True,False
0.485,0.39,0.12,0.599,0.251,0.1345,0.169,8,False,False,True
0.33,0.25,0.105,0.1715,0.0655,0.035,0.06,7,False,True,False
0.48,0.355,0.11,0.4495,0.201,0.089,0.14,8,False,True,False
0.625,0.495,0.185,1.3835,0.7105,0.3005,0.345,11,False,False,True
0.625,0.485,0.135,1.3025,0.61,0.2675,0.3605,14,True,False,False
0.575,0.445,0.17,0.8015,0.3475,0.1465,0.25,9,False,True,False
0.66,0.525,0.205,1.3665,0.5005,0.291,0.41,18,True,False,False
0.65,0.545,0.185,1.5055,0.6565,0.341,0.43,10,True,False,False
0.59,0.44,0.14,1.007,0.4775,0.2105,0.2925,9,True,False,False
0.635,0.49,0.16,1.101,0.534,0.1865,0.3455,10,False,False,True
0.66,0.535,0.175,1.5175,0.711,0.3125,0.415,12,True,False,False
0.4,0.305,0.1,0.3415,0.176,0.0625,0.0865,7,False,True,False
0.535,0.415,0.185,0.8415,0.314,0.1585,0.3,15,True,False,False
0.58,0.46,0.135,0.926,0.4025,0.208,0.275,8,True,False,False
0.68,0.57,0.205,1.842,0.625,0.408,0.65,20,True,False,False
0.575,0.48,0.15,0.8745,0.375,0.193,0.29,12,True,False,False
0.39,0.285,0.1,0.281,0.1275,0.062,0.077,7,False,True,False
0.5,0.4,0.125,0.6675,0.261,0.1315,0.22,10,True,False,False
0.335,0.26,0.09,0.1965,0.0875,0.041,0.056,7,False,True,False
0.51,0.39,0.135,0.6335,0.231,0.179,0.2,9,True,False,False
0.62,0.51,0.18,1.233,0.592,0.274,0.322,10,True,False,False
0.58,0.465,0.175,1.035,0.401,0.1865,0.385,17,False,False,True
0.25,0.19,0.06,0.0765,0.036,0.0115,0.0245,6,False,True,False
0.56,0.425,0.135,0.9415,0.509,0.2015,0.1975,9,False,False,True
0.665,0.525,0.155,1.3575,0.5325,0.3045,0.4485,10,False,False,True
0.55,0.43,0.16,0.9295,0.317,0.1735,0.355,13,False,False,True
0.515,0.35,0.155,0.9225,0.4185,0.198,0.273,9,False,False,True
0.44,0.345,0.1,0.366,0.122,0.0905,0.12,13,False,True,False
0.61,0.465,0.125,0.9225,0.436,0.19,0.26,9,False,True,False
0.635,0.485,0.165,1.2695,0.5635,0.3065,0.3395,11,True,False,False
0.57,0.44,0.125,0.865,0.3675,0.1725,0.27,12,True,False,False
0.5,0.37,0.115,0.5745,0.306,0.112,0.141,7,False,True,False
0.645,0.505,0.185,1.463,0.592,0.3905,0.416,10,False,False,True
0.655,0.515,0.2,1.373,0.443,0.3375,0.49,16,False,False,True
0.65,0.5,0.155,1.202,0.565,0.3135,0.294,11,False,False,True
0.525,0.41,0.135,0.7085,0.293,0.1525,0.235,11,True,False,False
0.285,0.215,0.06,0.0935,0.031,0.023,0.03,6,False,True,False
0.435,0.34,0.115,0.3925,0.1825,0.078,0.1145,6,False,True,False
0.435,0.335,0.11,0.4385,0.2075,0.0715,0.1315,7,False,False,True
0.285,0.205,0.07,0.106,0.039,0.0285,0.034,5,False,True,False
0.25,0.185,0.065,0.0685,0.0295,0.014,0.0225,5,False,True,False
0.575,0.45,0.155,0.948,0.429,0.206,0.259,7,False,False,True
0.65,0.49,0.155,1.122,0.545,0.228,0.3055,9,True,False,False
0.32,0.24,0.085,0.131,0.0615,0.0265,0.038,6,False,True,False
0.715,0.565,0.24,2.1995,0.7245,0.465,0.885,17,True,False,False
0.465,0.35,0.115,0.421,0.1565,0.091,0.1345,9,True,False,False
0.605,0.475,0.14,1.1175,0.555,0.257,0.274,9,False,False,True
0.595,0.49,0.185,1.185,0.482,0.2015,0.361,10,False,False,True
0.625,0.47,0.17,1.255,0.525,0.2415,0.405,10,True,False,False
0.655,0.53,0.195,1.388,0.567,0.2735,0.41,13,False,False,True
0.525,0.38,0.135,0.615,0.261,0.159,0.175,8,False,True,False
0.37,0.29,0.115,0.25,0.111,0.057,0.075,9,True,False,False
0.545,0.43,0.16,0.844,0.3945,0.1855,0.231,9,True,False,False
0.495,0.375,0.155,0.976,0.45,0.2285,0.2475,9,False,False,True
0.515,0.395,0.135,0.516,0.2015,0.132,0.162,9,True,False,False
0.525,0.415,0.145,0.845,0.3525,0.1635,0.2875,8,False,False,True
0.535,0.435,0.14,0.874,0.3735,0.229,0.2195,8,False,False,True
0.64,0.51,0.2,1.3905,0.61,0.3315,0.41,12,True,False,False
0.605,0.495,0.17,1.0915,0.4365,0.2715,0.335,13,True,False,False
0.535,0.42,0.16,0.72,0.275,0.164,0.225,15,False,False,True
0.73,0.595,0.23,2.8255,1.1465,0.419,0.897,17,False,False,True
0.41,0.315,0.11,0.321,0.1255,0.0655,0.095,10,True,False,False
0.67,0.55,0.17,1.247,0.472,0.2455,0.4,21,False,False,True
0.675,0.515,0.145,1.265,0.6025,0.299,0.325,10,False,False,True
0.475,0.36,0.145,0.6325,0.2825,0.137,0.19,8,False,True,False
0.53,0.43,0.14,0.677,0.298,0.0965,0.23,8,False,True,False
0.59,0.47,0.15,0.9955,0.481,0.232,0.24,8,False,False,True
0.475,0.36,0.11,0.4555,0.177,0.0965,0.145,9,False,True,False
0.52,0.395,0.125,0.5815,0.2565,0.1265,0.17,10,False,False,True
0.61,0.495,0.16,1.089,0.469,0.198,0.384,11,True,False,False
0.655,0.53,0.19,1.428,0.493,0.318,0.565,18,True,False,False
0.56,0.445,0.155,0.8735,0.3005,0.209,0.275,16,False,True,False
0.615,0.5,0.165,1.327,0.6,0.3015,0.355,10,True,False,False
0.5,0.415,0.165,0.6885,0.249,0.138,0.25,13,False,False,True
0.29,0.225,0.075,0.14,0.0515,0.0235,0.04,5,True,False,False
0.635,0.485,0.155,1.073,0.467,0.1975,0.35,11,True,False,False
0.65,0.51,0.175,1.155,0.4955,0.2025,0.385,12,False,False,True
0.695,0.535,0.175,1.8385,0.8035,0.396,0.503,10,True,False,False
0.255,0.185,0.06,0.0925,0.039,0.021,0.025,6,False,True,False
0.6,0.46,0.155,0.6655,0.285,0.149,0.269,11,False,False,True
0.565,0.445,0.15,0.796,0.3635,0.184,0.219,8,False,False,True
0.65,0.52,0.195,1.281,0.5985,0.246,0.3825,10,True,False,False
0.57,0.435,0.145,0.9055,0.3925,0.2355,0.275,10,False,False,True
0.48,0.37,0.125,0.5435,0.244,0.101,0.165,9,False,True,False
0.43,0.335,0.12,0.444,0.155,0.1145,0.14,13,True,False,False
0.52,0.415,0.16,0.595,0.2105,0.142,0.26,15,False,True,False
0.665,0.525,0.16,1.363,0.629,0.279,0.34,8,False,False,True
0.535,0.42,0.15,0.6995,0.2575,0.153,0.24,12,False,False,True
0.155,0.105,0.05,0.0175,0.005,0.0035,0.005,4,False,True,False
0.605,0.495,0.145,1.054,0.369,0.2255,0.36,12,False,True,False
0.14,0.105,0.035,0.014,0.0055,0.0025,0.004,3,False,True,False
0.61,0.475,0.17,1.0385,0.4435,0.241,0.32,14,False,True,False
0.485,0.37,0.155,0.968,0.419,0.2455,0.2365,9,False,False,True
0.47,0.37,0.105,0.4665,0.2025,0.1015,0.155,10,False,False,True
0.515,0.415,0.135,0.7125,0.285,0.152,0.245,10,False,True,False
0.46,0.35,0.115,0.46,0.2025,0.1115,0.1165,6,True,False,False
0.59,0.455,0.175,0.966,0.391,0.2455,0.31,10,True,False,False
0.51,0.41,0.155,1.2825,0.569,0.291,0.3795,9,False,False,True
0.39,0.3,0.09,0.252,0.1065,0.053,0.08,7,False,True,False
0.7,0.575,0.2,1.7365,0.7755,0.3965,0.461,11,True,False,False
0.525,0.43,0.125,0.813,0.3315,0.166,0.1775,12,True,False,False
0.61,0.465,0.15,0.9605,0.4495,0.1725,0.286,9,False,True,False
0.42,0.31,0.095,0.279,0.1255,0.051,0.088,6,False,True,False
0.525,0.415,0.15,0.7055,0.329,0.147,0.199,10,True,False,False
0.645,0.495,0.185,1.4935,0.5265,0.2785,0.455,15,False,False,True
0.45,0.335,0.105,0.425,0.1865,0.091,0.115,9,True,False,False
0.455,0.355,1.13,0.594,0.332,0.116,0.1335,8,True,False,False
0.565,0.435,0.145,0.8445,0.3975,0.158,0.255,9,False,True,False
0.515,0.435,0.145,0.8815,0.292,0.206,0.255,10,False,False,True
0.42,0.33,0.1,0.352,0.1635,0.089,0.1,9,False,True,False
0.66,0.505,0.165,1.374,0.589,0.351,0.345,10,False,False,True
0.66,0.515,0.195,1.5655,0.7345,0.353,0.386,9,False,False,True
0.41,0.325,0.12,0.3745,0.158,0.081,0.125,12,False,False,True
0.37,0.29,0.09,0.241,0.11,0.045,0.069,10,False,False,True
0.42,0.325,0.11,0.325,0.1245,0.0755,0.1025,7,False,True,False
0.68,0.52,0.165,1.4775,0.724,0.279,0.406,11,False,False,True
0.47,0.375,0.115,0.4265,0.1685,0.0755,0.15,8,False,False,True
0.57,0.47,0.155,1.186,0.6355,0.2315,0.277,10,False,False,True
0.58,0.475,0.165,1.0385,0.414,0.26,0.305,13,True,False,False
0.7,0.565,0.175,1.8565,0.8445,0.3935,0.54,10,False,False,True
0.57,0.45,0.14,0.795,0.3385,0.148,0.245,9,False,False,True
0.485,0.365,0.14,0.6195,0.2595,0.1445,0.177,14,True,False,False
0.555,0.41,0.125,0.599,0.2345,0.1465,0.194,8,False,False,True
0.655,0.545,0.165,1.6225,0.6555,0.299,0.513,12,True,False,False
0.53,0.415,0.145,0.944,0.3845,0.185,0.265,21,False,True,False
0.63,0.505,0.175,1.221,0.555,0.252,0.34,12,False,False,True
0.53,0.435,0.155,0.699,0.288,0.1595,0.205,10,False,False,True
0.47,0.37,0.11,0.5555,0.25,0.115,0.163,8,False,True,False
0.74,0.595,0.19,2.3235,1.1495,0.5115,0.505,11,False,False,True
0.485,0.375,0.125,0.562,0.2505,0.1345,0.1525,8,False,True,False
0.43,0.32,0.11,0.3675,0.1675,0.102,0.105,8,False,True,False
0.5,0.395,0.15,0.7145,0.3235,0.173,0.195,9,True,False,False
0.56,0.455,0.16,0.967,0.4525,0.207,0.274,9,True,False,False
0.385,0.29,0.08,0.2485,0.122,0.0495,0.065,7,False,True,False
0.47,0.365,0.105,0.4205,0.163,0.1035,0.14,9,True,False,False
0.64,0.505,0.165,1.2235,0.5215,0.2695,0.36,10,True,False,False
0.325,0.25,0.075,0.1585,0.075,0.0305,0.0455,6,False,True,False
0.43,0.34,0.125,0.384,0.1375,0.061,0.146,14,False,True,False
0.165,0.12,0.03,0.0215,0.007,0.005,0.005,3,False,True,False
0.595,0.48,0.165,1.262,0.4835,0.283,0.41,17,False,False,True
0.515,0.415,0.13,0.764,0.276,0.196,0.25,13,True,False,False
0.41,0.305,0.1,0.2645,0.1,0.0655,0.085,7,False,True,False
0.59,0.475,0.14,0.977,0.4625,0.2025,0.275,10,False,False,True
0.565,0.43,0.13,0.784,0.3495,0.1885,0.213,9,False,False,True
0.63,0.48,0.175,1.3675,0.5015,0.3035,0.515,17,True,False,False
0.595,0.48,0.185,1.1785,0.526,0.2975,0.314,10,False,False,True
0.46,0.36,0.115,0.4755,0.2105,0.105,0.16,8,True,False,False
0.505,0.38,0.12,0.594,0.2595,0.1435,0.18,7,False,True,False
0.585,0.46,0.15,1.206,0.581,0.216,0.323,10,False,False,True
0.605,0.475,0.145,1.0185,0.4695,0.225,0.27,15,True,False,False
0.37,0.28,0.095,0.2225,0.0805,0.051,0.075,7,False,False,True
0.45,0.36,0.11,0.447,0.203,0.082,0.13,12,True,False,False
0.455,0.375,0.12,0.497,0.2355,0.1055,0.1295,6,False,True,False
0.395,0.295,0.115,0.316,0.1205,0.0595,0.1105,12,False,False,True
0.56,0.44,0.17,0.9445,0.3545,0.2175,0.3,12,False,True,False
0.5,0.375,0.145,0.6215,0.274,0.166,0.1485,7,False,False,True
0.675,0.52,0.145,1.3645,0.557,0.3405,0.385,11,False,False,True
0.29,0.21,0.06,0.1195,0.056,0.0235,0.03,6,False,True,False
0.54,0.435,0.175,0.892,0.322,0.174,0.335,13,True,False,False
0.515,0.38,0.12,0.625,0.3265,0.1295,0.16,7,False,True,False
0.525,0.415,0.12,0.596,0.2805,0.12,0.1695,9,False,True,False
0.425,0.305,0.11,0.359,0.173,0.0875,0.0975,9,False,False,True
0.585,0.45,0.17,0.8685,0.3325,0.1635,0.27,22,True,False,False
0.535,0.4,0.135,0.8215,0.3935,0.196,0.205,8,True,False,False
0.695,0.535,0.2,1.5855,0.667,0.334,0.471,11,True,False,False
0.57,0.435,0.14,0.8585,0.3905,0.196,0.2295,8,True,False,False
0.46,0.375,0.12,0.4915,0.2205,0.088,0.17,7,True,False,False
0.415,0.315,0.09,0.3625,0.175,0.0835,0.093,6,False,True,False
0.44,0.35,0.14,0.451,0.171,0.0705,0.184,16,False,False,True
0.26,0.2,0.065,0.096,0.044,0.027,0.03,6,False,False,True
0.56,0.44,0.14,0.9285,0.3825,0.188,0.3,11,True,False,False
0.375,0.275,0.1,0.2325,0.1165,0.042,0.065,6,False,True,False
0.53,0.385,0.125,0.6695,0.289,0.151,0.18,10,True,False,False
0.365,0.27,0.085,0.1875,0.081,0.042,0.058,6,False,True,False
0.545,0.45,0.15,0.8795,0.387,0.15,0.2625,11,False,False,True
0.7,0.53,0.19,1.3185,0.548,0.233,0.42,18,False,False,True
0.645,0.5,0.18,1.461,0.5985,0.2425,0.439,11,False,False,True
0.515,0.395,0.125,0.6635,0.32,0.14,0.17,8,False,True,False
0.595,0.48,0.2,0.975,0.358,0.2035,0.34,15,True,False,False
0.41,0.3,0.1,0.282,0.1255,0.057,0.0875,7,False,True,False
0.66,0.525,0.18,1.478,0.5815,0.381,0.372,10,False,False,True
0.61,0.49,0.16,1.112,0.465,0.228,0.341,10,False,False,True
0.56,0.45,0.16,1.0235,0.429,0.268,0.3,10,True,False,False
0.435,0.345,0.12,0.4475,0.221,0.112,0.125,7,False,True,False
0.625,0.49,0.165,1.1165,0.4895,0.2615,0.3325,11,False,False,True
0.4,0.31,0.1,0.306,0.13,0.06,0.094,6,False,True,False
0.48,0.355,0.125,0.494,0.2385,0.0835,0.15,9,False,True,False
0.51,0.405,0.13,0.7175,0.3725,0.158,0.17,9,False,False,True
0.66,0.505,0.2,1.6305,0.4865,0.297,0.61,18,False,False,True
0.435,0.34,0.11,0.407,0.1685,0.073,0.13,10,False,True,False
0.375,0.26,0.08,0.2075,0.09,0.0415,0.07,6,False,True,False
0.395,0.29,0.095,0.319,0.138,0.08,0.082,7,False,True,False
0.46,0.37,0.12,0.5335,0.2645,0.108,0.1345,6,False,True,False
0.52,0.405,0.14,0.5775,0.2,0.145,0.179,11,False,True,False
0.45,0.335,0.105,0.362,0.1575,0.0795,0.1095,7,False,True,False
0.655,0.485,0.195,1.62,0.6275,0.358,0.485,17,False,False,True
0.41,0.3,0.09,0.28,0.141,0.0575,0.075,8,False,True,False
0.63,0.485,0.185,1.167,0.548,0.2485,0.34,10,True,False,False
0.45,0.34,0.12,0.4925,0.241,0.1075,0.12,6,False,True,False
0.345,0.27,0.11,0.2135,0.082,0.0545,0.07,7,False,True,False
0.66,0.515,0.2,1.6465,0.749,0.422,0.401,11,False,False,True
0.57,0.435,0.17,0.848,0.4,0.166,0.25,9,False,True,False
0.62,0.485,0.165,1.166,0.483,0.238,0.355,13,True,False,False
0.41,0.305,0.095,0.2625,0.1,0.0515,0.09,6,False,True,False
0.66,0.505,0.19,1.4385,0.6775,0.285,0.178,11,False,False,True
0.615,0.475,0.165,1.023,0.4905,0.1955,0.3035,12,True,False,False
0.555,0.445,0.175,1.1465,0.551,0.244,0.2785,8,True,False,False
0.195,0.135,0.04,0.0325,0.0135,0.005,0.0095,4,False,True,False
0.585,0.45,0.15,1.047,0.4315,0.276,0.315,14,False,False,True
0.36,0.27,0.09,0.232,0.12,0.0435,0.056,8,False,True,False
0.68,0.54,0.19,1.623,0.7165,0.354,0.4715,12,False,False,True
0.4,0.305,0.16,0.368,0.173,0.0705,0.105,7,True,False,False
0.66,0.52,0.2,1.676,0.673,0.4805,0.45,17,True,False,False
0.265,0.205,0.07,0.1055,0.039,0.041,0.035,5,False,True,False
0.725,0.6,0.2,1.737,0.697,0.3585,0.595,11,True,False,False
0.565,0.44,0.15,0.983,0.4475,0.2355,0.2485,9,True,False,False
0.52,0.425,0.15,0.813,0.385,0.2015,0.23,10,True,False,False
0.2,0.155,0.04,0.0435,0.0155,0.009,0.007,4,False,True,False
0.37,0.27,0.09,0.1855,0.07,0.0425,0.065,7,False,True,False
0.42,0.325,0.1,0.368,0.1675,0.0625,0.1135,11,False,True,False
0.245,0.18,0.065,0.071,0.03,0.013,0.0215,4,False,True,False
0.605,0.47,0.165,1.2315,0.6025,0.262,0.2925,11,False,False,True
0.46,0.35,0.12,0.4885,0.193,0.105,0.155,11,False,True,False
0.445,0.35,0.14,0.5905,0.2025,0.158,0.19,14,False,False,True
0.565,0.445,0.145,0.9255,0.4345,0.212,0.2475,9,False,False,True
0.705,0.56,0.22,1.981,0.8175,0.3085,0.76,14,False,False,True
0.55,0.43,0.14,0.7135,0.2565,0.186,0.225,9,True,False,False
0.485,0.365,0.105,0.5205,0.195,0.123,0.182,8,False,True,False
0.64,0.515,0.18,1.247,0.5475,0.2925,0.3685,10,False,False,True
0.595,0.465,0.15,0.919,0.4335,0.1765,0.262,9,False,False,True
0.435,0.395,0.105,0.3635,0.136,0.098,0.13,9,True,False,False
0.5,0.385,0.115,0.6785,0.2945,0.138,0.195,12,True,False,False
0.625,0.48,0.2,1.3235,0.6075,0.3055,0.355,9,True,False,False
0.72,0.55,0.205,2.165,1.1055,0.525,0.404,10,False,False,True
0.575,0.435,0.15,0.805,0.293,0.1625,0.27,17,False,False,True
0.6,0.48,0.09,1.05,0.457,0.2685,0.28,8,False,False,True
0.555,0.44,0.145,0.85,0.4165,0.1685,0.23,8,False,False,True
0.62,0.485,0.155,1.0295,0.425,0.2315,0.335,12,False,False,True
0.67,0.5,0.19,1.519,0.616,0.388,0.415,10,False,False,True
0.57,0.465,0.155,0.9685,0.446,0.261,0.255,9,True,False,False
0.685,0.54,0.16,1.6675,0.833,0.3775,0.475,11,True,False,False
0.695,0.53,0.15,1.477,0.6375,0.3025,0.43,14,False,False,True
0.365,0.27,0.085,0.196,0.0825,0.0375,0.06,7,False,True,False
0.71,0.555,0.17,1.47,0.5375,0.38,0.431,12,True,False,False
0.64,0.5,0.17,1.2645,0.565,0.3375,0.315,9,True,False,False
0.335,0.255,0.08,0.168,0.079,0.0355,0.05,5,False,True,False
0.635,0.5,0.175,1.477,0.684,0.3005,0.39,12,True,False,False
0.415,0.32,0.11,0.3735,0.175,0.0755,0.109,7,False,True,False
0.465,0.37,0.115,0.534,0.261,0.098,0.143,7,False,True,False
0.23,0.17,0.05,0.057,0.026,0.013,0.016,5,False,True,False
0.595,0.48,0.16,1.2095,0.5225,0.296,0.32,8,True,False,False
0.465,0.35,0.11,0.4085,0.165,0.102,0.131,8,True,False,False
0.59,0.475,0.145,1.053,0.4415,0.262,0.325,15,False,False,True
0.555,0.45,0.175,0.874,0.3275,0.202,0.305,10,False,False,True
0.665,0.555,0.195,1.4385,0.581,0.354,0.36,17,True,False,False
0.55,0.41,0.13,0.8705,0.4455,0.2115,0.213,9,False,False,True
0.485,0.38,0.125,0.5215,0.2215,0.118,0.16,8,False,True,False
0.515,0.385,0.125,0.6115,0.3175,0.1265,0.15,8,False,True,False
0.67,0.505,0.175,1.0145,0.4375,0.271,0.3745,10,True,False,False
0.5,0.36,0.12,0.439,0.1875,0.1055,0.1305,8,False,True,False
0.56,0.43,0.155,0.8675,0.4,0.172,0.229,8,False,False,True
0.4,0.29,0.1,0.2675,0.1205,0.0605,0.0765,5,False,True,False
0.27,0.195,0.06,0.073,0.0285,0.0235,0.03,5,False,True,False
0.58,0.445,0.15,0.858,0.4,0.156,0.253,8,True,False,False
0.485,0.38,0.14,0.673,0.2175,0.13,0.195,18,False,True,False
0.575,0.45,0.135,0.8245,0.3375,0.2115,0.239,11,False,True,False
0.555,0.46,0.145,0.9005,0.3845,0.158,0.2765,11,False,True,False
0.335,0.245,0.09,0.2015,0.096,0.0405,0.048,7,False,True,False
0.435,0.32,0.08,0.3325,0.1485,0.0635,0.105,9,False,True,False
0.62,0.485,0.165,1.1325,0.5235,0.2505,0.2825,9,False,False,True
0.515,0.37,0.115,0.6145,0.3415,0.155,0.146,9,False,False,True
0.495,0.41,0.125,0.7555,0.3355,0.129,0.214,9,True,False,False
0.54,0.405,0.125,0.891,0.4815,0.1915,0.202,9,False,False,True
0.72,0.545,0.185,1.7185,0.7925,0.401,0.468,11,True,False,False
0.645,0.52,0.175,1.3345,0.667,0.2665,0.355,10,True,False,False
0.63,0.49,0.17,1.2155,0.4625,0.2045,0.3105,10,True,False,False
0.29,0.23,0.075,0.1165,0.043,0.0255,0.04,7,False,False,True
0.535,0.4,0.15,0.8045,0.3345,0.2125,0.21,13,True,False,False
0.625,0.47,0.17,1.1665,0.4605,0.2565,0.3945,11,False,False,True
0.55,0.415,0.135,0.7635,0.318,0.21,0.2,9,True,False,False
0.47,0.365,0.135,0.522,0.2395,0.1525,0.145,10,False,False,True
0.47,0.38,0.125,0.4845,0.211,0.1075,0.142,6,False,True,False
0.55,0.405,0.15,0.6755,0.3015,0.1465,0.21,10,False,True,False
0.61,0.475,0.17,1.0265,0.435,0.2335,0.3035,10,False,False,True
0.545,0.44,0.14,0.8395,0.356,0.1905,0.2385,11,False,False,True
0.66,0.53,0.17,1.431,0.622,0.309,0.398,10,True,False,False
0.585,0.465,0.155,0.9145,0.4555,0.1965,0.235,9,False,False,True
0.595,0.47,0.145,0.991,0.4035,0.1505,0.34,16,False,False,True
0.555,0.425,0.14,0.963,0.44,0.224,0.24,7,True,False,False
0.595,0.465,0.145,0.7955,0.3425,0.1795,0.2425,10,True,False,False
0.595,0.45,0.165,1.081,0.49,0.2525,0.279,12,True,False,False
0.535,0.41,0.155,0.6315,0.2745,0.1415,0.1815,12,False,True,False
0.55,0.43,0.145,0.7895,0.3745,0.171,0.223,11,False,True,False
0.425,0.335,0.095,0.322,0.1205,0.061,0.125,10,True,False,False
0.52,0.465,0.15,0.9505,0.456,0.199,0.255,8,False,False,True
0.645,0.485,0.155,1.489,0.5915,0.312,0.38,18,False,False,True
0.525,0.425,0.12,0.8665,0.2825,0.176,0.29,18,False,False,True
0.61,0.48,0.165,1.2435,0.5575,0.2675,0.372,8,False,False,True
0.435,0.335,0.1,0.3245,0.135,0.0785,0.098,7,False,True,False
0.495,0.375,0.115,0.507,0.241,0.103,0.15,8,False,True,False
0.635,0.51,0.17,1.2235,0.532,0.271,0.354,9,True,False,False
0.51,0.39,0.125,0.597,0.293,0.1265,0.1555,8,False,True,False
0.575,0.46,0.145,0.9945,0.466,0.229,0.265,7,True,False,False
0.645,0.515,0.24,1.5415,0.471,0.369,0.535,13,False,False,True
0.58,0.445,0.15,0.9525,0.4315,0.1945,0.287,11,False,False,True
0.58,0.47,0.165,0.9975,0.3935,0.242,0.33,10,False,False,True
0.555,0.43,0.125,0.7005,0.3395,0.1355,0.2095,8,False,True,False
0.46,0.365,0.125,0.4785,0.206,0.1045,0.141,8,True,False,False
0.58,0.46,0.18,1.145,0.48,0.277,0.325,11,False,False,True
0.53,0.425,0.13,0.7455,0.2995,0.1355,0.245,10,False,False,True
0.525,0.395,0.13,0.7635,0.3375,0.1425,0.225,8,False,False,True
0.47,0.36,0.12,0.4775,0.2105,0.1055,0.15,10,True,False,False
0.61,0.45,0.15,0.871,0.407,0.1835,0.25,10,False,False,True
0.45,0.35,0.125,0.4435,0.185,0.09,0.145,11,True,False,False
0.605,0.5,0.175,1.098,0.4765,0.232,0.375,12,False,False,True
0.52,0.41,0.115,0.77,0.263,0.157,0.26,11,False,False,True
0.37,0.265,0.075,0.214,0.09,0.051,0.07,6,False,False,True
0.5,0.365,0.125,0.528,0.229,0.103,0.1645,9,False,True,False
0.66,0.51,0.175,1.218,0.5055,0.303,0.37,11,False,False,True
0.55,0.44,0.165,0.8605,0.312,0.169,0.3,17,False,True,False
0.45,0.35,0.13,0.547,0.245,0.1405,0.1405,8,False,True,False
0.69,0.55,0.2,1.569,0.687,0.3675,0.46,12,True,False,False
0.28,0.21,0.085,0.1075,0.0415,0.024,0.034,5,False,True,False
0.56,0.44,0.16,0.8645,0.3305,0.2075,0.26,10,False,False,True
0.675,0.525,0.185,1.587,0.6935,0.336,0.395,13,False,False,True
0.5,0.39,0.13,0.709,0.275,0.168,0.18,11,False,False,True
0.44,0.33,0.11,0.3705,0.1545,0.084,0.12,7,False,True,False
0.54,0.405,0.15,0.7585,0.307,0.2075,0.19,10,False,True,False
0.37,0.275,0.085,0.2045,0.096,0.056,0.08,6,False,True,False
0.53,0.425,0.13,0.781,0.3905,0.2005,0.215,9,False,True,False
0.395,0.28,0.08,0.266,0.0995,0.066,0.09,12,False,False,True
0.67,0.545,0.2,1.7025,0.833,0.374,0.41,11,False,False,True
0.625,0.515,0.16,1.264,0.5715,0.326,0.321,9,True,False,False
0.645,0.505,0.165,1.4325,0.684,0.308,0.336,8,True,False,False
0.605,0.465,0.155,1.1,0.547,0.2665,0.2585,10,True,False,False
0.63,0.49,0.18,1.13,0.458,0.2765,0.315,12,False,False,True
0.46,0.345,0.105,0.415,0.187,0.087,0.11,8,False,True,False
0.3,0.225,0.075,0.1345,0.057,0.028,0.044,5,False,True,False
0.77,0.6,0.215,2.1945,1.0515,0.482,0.584,10,False,False,True
0.345,0.255,0.085,0.2005,0.105,0.037,0.05,5,False,True,False
0.655,0.525,0.185,1.259,0.487,0.2215,0.445,20,False,False,True
0.65,0.525,0.19,1.3685,0.5975,0.296,0.4,11,False,False,True
0.46,0.375,0.14,0.5105,0.192,0.1045,0.205,9,False,False,True
0.605,0.475,0.16,1.616,0.5495,0.332,0.34,18,False,False,True
0.63,0.485,0.17,1.3205,0.5945,0.345,0.345,9,True,False,False
0.645,0.495,0.15,1.2095,0.603,0.2225,0.339,9,False,False,True
0.66,0.525,0.18,1.6935,0.6025,0.4005,0.42,15,False,True,False
0.585,0.46,0.145,0.9335,0.478,0.1825,0.235,9,False,False,True
0.24,0.17,0.05,0.0545,0.0205,0.016,0.0155,5,False,True,False
0.525,0.4,0.11,0.6275,0.3015,0.126,0.18,8,False,True,False
0.65,0.51,0.175,1.35,0.575,0.3155,0.3885,10,True,False,False
0.53,0.42,0.165,0.8945,0.319,0.239,0.245,11,False,False,True
0.445,0.35,0.115,0.3615,0.1565,0.0695,0.117,8,False,False,True
0.265,0.2,0.065,0.0975,0.04,0.0205,0.028,7,False,True,False
0.6,0.47,0.155,1.036,0.4375,0.196,0.325,20,False,False,True
0.74,0.57,0.18,1.8725,0.9115,0.427,0.446,10,False,False,True
0.55,0.43,0.15,0.655,0.2635,0.122,0.221,8,True,False,False
0.25,0.18,0.065,0.0805,0.0345,0.0185,0.0215,4,False,True,False
0.555,0.44,0.135,0.9025,0.3805,0.2105,0.28,13,False,False,True
0.34,0.26,0.08,0.2,0.08,0.0555,0.055,6,False,True,False
0.515,0.4,0.14,0.6335,0.288,0.145,0.168,9,False,False,True
0.385,0.29,0.09,0.232,0.0855,0.0495,0.08,7,False,True,False
0.635,0.475,0.15,1.1845,0.533,0.307,0.291,10,True,False,False
0.595,0.47,0.15,0.8915,0.359,0.2105,0.245,12,False,False,True
0.44,0.34,0.1,0.451,0.188,0.087,0.13,10,True,False,False
0.655,0.54,0.215,1.844,0.7425,0.327,0.585,22,False,False,True
0.56,0.44,0.155,0.811,0.3685,0.178,0.235,11,False,True,False
0.615,0.47,0.165,1.128,0.4465,0.2195,0.34,10,False,False,True
0.66,0.505,0.19,1.4045,0.6255,0.3375,0.3745,9,True,False,False
0.625,0.495,0.165,1.262,0.507,0.318,0.39,10,True,False,False
0.375,0.27,0.135,0.597,0.272,0.131,0.1675,7,True,False,False
0.54,0.42,0.14,0.805,0.369,0.1725,0.21,11,True,False,False
0.66,0.53,0.185,1.3485,0.493,0.245,0.49,12,True,False,False
0.72,0.55,0.2,1.9965,0.9035,0.469,0.5215,10,True,False,False
0.575,0.46,0.15,0.927,0.333,0.207,0.2985,9,True,False,False
0.485,0.4,0.135,0.663,0.313,0.137,0.2,10,False,False,True
0.345,0.255,0.09,0.2005,0.094,0.0295,0.063,9,False,False,True
0.475,0.335,0.1,0.4425,0.1895,0.086,0.135,9,False,True,False
0.625,0.495,0.155,1.0485,0.487,0.212,0.3215,11,False,False,True
0.665,0.53,0.18,1.491,0.6345,0.342,0.435,10,True,False,False
0.62,0.475,0.15,0.9545,0.455,0.1865,0.277,9,True,False,False
0.68,0.505,0.17,1.3435,0.657,0.297,0.355,12,True,False,False
0.68,0.535,0.185,1.607,0.7245,0.3215,0.498,12,False,False,True
0.595,0.475,0.165,1.213,0.621,0.2435,0.274,9,False,False,True
0.405,0.305,0.105,0.3625,0.1565,0.0705,0.125,10,False,True,False
0.685,0.545,0.18,1.768,0.7495,0.392,0.485,16,True,False,False
0.445,0.37,0.125,0.515,0.2495,0.087,0.159,9,False,False,True
0.68,0.545,0.185,1.672,0.7075,0.364,0.48,11,False,False,True
0.575,0.45,0.135,0.9215,0.354,0.209,0.2365,9,False,False,True
0.725,0.505,0.185,1.978,1.026,0.4255,0.4505,12,False,False,True
0.59,0.45,0.16,0.893,0.2745,0.2185,0.345,14,False,True,False
0.385,0.29,0.09,0.2365,0.1,0.0505,0.076,8,False,True,False
0.55,0.435,0.14,0.7995,0.295,0.1905,0.238,10,False,True,False
0.62,0.495,0.18,1.2555,0.5765,0.254,0.355,12,False,False,True
0.6,0.45,0.14,0.837,0.37,0.177,0.2425,10,True,False,False
0.565,0.44,0.175,0.9025,0.31,0.193,0.325,14,False,False,True
0.635,0.49,0.17,1.2615,0.5385,0.2665,0.38,9,True,False,False
0.68,0.54,0.21,1.7885,0.8345,0.408,0.437,13,False,False,True
0.51,0.395,0.145,0.6185,0.216,0.1385,0.24,12,False,False,True
0.645,0.5,0.18,1.2785,0.5345,0.2995,0.345,13,True,False,False
0.555,0.435,0.14,0.765,0.3945,0.15,0.206,8,False,True,False
0.51,0.395,0.12,0.6175,0.262,0.122,0.193,12,True,False,False
0.605,0.475,0.175,1.201,0.5395,0.275,0.309,10,False,False,True
0.635,0.5,0.165,1.489,0.715,0.3445,0.3615,13,False,True,False
0.545,0.43,0.15,0.742,0.3525,0.158,0.208,10,False,True,False
0.695,0.55,0.16,1.6365,0.694,0.3005,0.44,13,True,False,False
0.52,0.425,0.155,0.7735,0.297,0.123,0.255,17,False,False,True
0.47,0.35,0.13,0.466,0.1845,0.099,0.145,11,False,True,False
0.58,0.47,0.165,0.927,0.3215,0.1985,0.315,11,False,False,True
0.475,0.385,0.145,0.6175,0.235,0.108,0.215,14,False,False,True
0.49,0.365,0.145,0.6345,0.1995,0.1625,0.22,10,True,False,False
0.46,0.365,0.125,0.467,0.1895,0.0945,0.158,10,False,False,True
0.495,0.38,0.145,0.515,0.175,0.098,0.212,13,False,True,False
0.57,0.46,0.135,0.9795,0.397,0.2525,0.2655,9,True,False,False
0.255,0.195,0.065,0.08,0.0315,0.018,0.027,8,False,False,True
0.295,0.22,0.07,0.1365,0.0575,0.0295,0.035,6,False,True,False
0.53,0.43,0.16,0.7245,0.321,0.1275,0.24,9,False,True,False
0.4,0.325,0.12,0.3185,0.134,0.0565,0.095,8,True,False,False
0.585,0.455,0.17,0.9945,0.4255,0.263,0.2845,11,True,False,False
0.45,0.33,0.105,0.4955,0.2575,0.082,0.129,8,False,False,True
0.425,0.3,0.095,0.3515,0.141,0.0775,0.12,8,False,True,False
0.445,0.345,0.14,0.476,0.2055,0.1015,0.1085,15,False,False,True
0.62,0.48,0.16,1.1125,0.5635,0.2445,0.281,8,True,False,False
0.515,0.395,0.14,0.686,0.281,0.1255,0.22,12,True,False,False
0.695,0.56,0.185,1.74,0.885,0.3715,0.4375,10,False,False,True
0.255,0.19,0.075,0.0865,0.0345,0.0205,0.025,5,False,True,False
0.55,0.425,0.135,0.656,0.257,0.17,0.203,10,False,True,False
0.6,0.48,0.165,1.1345,0.4535,0.27,0.335,10,True,False,False
0.55,0.42,0.135,0.816,0.3995,0.1485,0.23,12,False,True,False
0.44,0.325,0.115,0.39,0.163,0.087,0.113,7,False,False,True
0.475,0.375,0.125,0.588,0.237,0.1715,0.155,10,True,False,False
0.35,0.26,0.085,0.174,0.0705,0.0345,0.06,10,False,True,False
0.45,0.34,0.13,0.3715,0.1605,0.0795,0.105,9,False,False,True
0.525,0.43,0.15,0.7365,0.3225,0.161,0.215,11,False,True,False
0.485,0.39,0.125,0.591,0.287,0.141,0.12,9,False,True,False
0.255,0.185,0.07,0.075,0.028,0.018,0.025,6,False,True,False
0.525,0.405,0.13,0.7185,0.3265,0.1975,0.175,8,False,False,True
0.33,0.23,0.08,0.14,0.0565,0.0365,0.046,7,False,True,False
0.54,0.435,0.18,0.996,0.3835,0.226,0.325,17,False,False,True
0.565,0.505,0.21,1.2765,0.501,0.279,0.355,12,True,False,False
0.28,0.2,0.08,0.0915,0.033,0.0215,0.03,5,False,False,True
0.51,0.38,0.13,0.584,0.224,0.1355,0.185,13,True,False,False
0.645,0.495,0.19,1.539,0.6115,0.408,0.445,12,False,False,True
0.465,0.35,0.125,0.482,0.23,0.106,0.1095,6,True,False,False
0.575,0.47,0.165,0.869,0.435,0.197,0.238,9,True,False,False
0.65,0.505,0.17,1.5595,0.695,0.3515,0.395,11,False,False,True
0.625,0.485,0.15,1.0945,0.531,0.261,0.296,10,True,False,False
0.39,0.3,0.1,0.265,0.1075,0.06,0.0865,13,True,False,False
0.62,0.475,0.16,0.907,0.371,0.167,0.3075,11,False,True,False
0.43,0.34,0.12,0.3575,0.151,0.0645,0.1045,9,False,True,False
0.565,0.43,0.135,0.8545,0.321,0.1775,0.275,11,False,True,False
0.575,0.445,0.14,0.737,0.325,0.1405,0.237,10,False,False,True
0.525,0.405,0.125,0.657,0.2985,0.1505,0.168,10,False,True,False
0.475,0.375,0.125,0.5785,0.2775,0.085,0.155,10,True,False,False
0.43,0.325,0.09,0.425,0.217,0.087,0.095,7,False,True,False
0.575,0.45,0.15,0.858,0.449,0.166,0.215,10,False,True,False
0.275,0.195,0.09,0.1125,0.0545,0.0295,0.0355,6,False,True,False
0.215,0.17,0.055,0.0605,0.0205,0.014,0.02,6,False,True,False
0.38,0.29,0.085,0.2285,0.088,0.0465,0.075,7,False,True,False
0.575,0.445,0.16,0.839,0.4005,0.198,0.239,9,False,False,True
0.525,0.38,0.14,0.6065,0.194,0.1475,0.21,14,True,False,False
0.475,0.355,0.12,0.48,0.234,0.1015,0.135,8,False,False,True
0.575,0.44,0.185,1.025,0.5075,0.2245,0.2485,10,False,False,True
0.64,0.495,0.17,1.139,0.5395,0.282,0.285,10,False,False,True
0.64,0.5,0.185,1.3035,0.4445,0.2635,0.465,16,False,False,True
0.465,0.345,0.105,0.4015,0.242,0.0345,0.109,6,False,True,False
0.62,0.485,0.175,1.2155,0.545,0.253,0.345,10,True,False,False
0.65,0.5,0.165,1.1445,0.485,0.218,0.365,12,True,False,False
0.655,0.53,0.175,1.2635,0.486,0.2635,0.415,15,False,False,True
0.585,0.465,0.145,0.9855,0.4325,0.2145,0.2845,10,True,False,False
0.615,0.475,0.15,1.0375,0.476,0.2325,0.283,9,False,False,True
0.61,0.365,0.155,1.0765,0.488,0.249,0.27,9,False,False,True
0.52,0.46,0.15,1.019,0.523,0.1985,0.254,7,True,False,False
0.695,0.57,0.23,1.885,0.8665,0.435,0.5,19,False,False,True
0.455,0.365,0.11,0.385,0.166,0.046,0.1345,13,True,False,False
0.5,0.365,0.13,0.5945,0.309,0.1085,0.1535,9,False,False,True
0.52,0.38,0.13,0.5345,0.2375,0.122,0.1535,8,False,True,False
0.625,0.475,0.13,0.8595,0.3195,0.1775,0.24,13,True,False,False
0.455,0.335,0.105,0.4055,0.175,0.092,0.1185,8,False,True,False
0.585,0.42,0.155,1.034,0.437,0.2225,0.32,11,True,False,False
0.64,0.475,0.175,1.1545,0.4865,0.341,0.288,9,True,False,False
0.6,0.445,0.135,0.9205,0.445,0.2035,0.253,9,False,True,False
0.46,0.35,0.11,0.4675,0.2125,0.099,0.1375,7,False,True,False
0.69,0.55,0.18,1.6915,0.6655,0.402,0.5,11,False,False,True
0.58,0.45,0.175,1.068,0.425,0.203,0.32,13,False,False,True
0.645,0.55,0.175,1.2915,0.57,0.3045,0.33,14,True,False,False
0.525,0.405,0.16,0.658,0.2655,0.1125,0.225,12,True,False,False
0.445,0.32,0.12,0.414,0.199,0.09,0.117,7,False,False,True
0.63,0.475,0.15,1.072,0.433,0.2975,0.315,8,True,False,False
0.455,0.365,0.115,0.4305,0.184,0.108,0.1245,8,True,False,False
0.705,0.57,0.18,1.5345,0.96,0.4195,0.43,12,True,False,False
0.37,0.285,0.1,0.228,0.0675,0.0675,0.081,10,False,False,True
0.455,0.35,0.12,0.4555,0.1945,0.1045,0.1375,7,True,False,False
0.64,0.49,0.135,1.1,0.488,0.2505,0.2925,10,False,True,False
0.625,0.515,0.18,1.3485,0.5255,0.252,0.3925,14,True,False,False
0.535,0.42,0.13,0.8055,0.301,0.181,0.28,14,False,False,True
0.61,0.47,0.155,1.0325,0.497,0.2175,0.2785,9,False,False,True
0.44,0.34,0.135,0.3975,0.1505,0.0945,0.135,8,True,False,False
0.635,0.48,0.145,1.181,0.665,0.229,0.225,10,False,False,True
0.71,0.54,0.165,1.959,0.7665,0.261,0.78,18,False,False,True
0.535,0.425,0.155,0.7765,0.302,0.1565,0.25,16,True,False,False
0.465,0.37,0.11,0.445,0.1635,0.096,0.166,7,False,True,False
0.335,0.255,0.085,0.1785,0.071,0.0405,0.055,9,False,True,False
0.62,0.495,0.195,1.5145,0.579,0.346,0.5195,15,False,False,True
0.55,0.435,0.14,0.745,0.347,0.174,0.2265,9,True,False,False
0.535,0.435,0.15,0.717,0.3475,0.1445,0.194,9,False,False,True
0.355,0.27,0.1,0.216,0.083,0.037,0.075,10,False,True,False
0.575,0.455,0.155,0.8725,0.349,0.2095,0.285,8,False,True,False
0.455,0.355,0.13,0.515,0.2,0.1275,0.175,11,False,False,True
0.5,0.385,0.145,0.7615,0.246,0.195,0.204,14,False,False,True
0.35,0.265,0.11,0.209,0.066,0.059,0.075,9,False,True,False
0.52,0.38,0.125,0.5545,0.288,0.1295,0.167,8,False,True,False
0.52,0.425,0.17,0.6805,0.28,0.174,0.195,10,False,True,False
0.78,0.63,0.215,2.657,1.488,0.4985,0.586,11,True,False,False
0.715,0.55,0.175,1.825,0.938,0.3805,0.44,11,False,False,True
0.36,0.27,0.09,0.1885,0.0845,0.0385,0.055,5,True,False,False
0.595,0.465,0.155,1.026,0.4645,0.112,0.305,12,True,False,False
0.62,0.485,0.22,1.511,0.5095,0.284,0.51,17,True,False,False
0.3,0.22,0.065,0.1195,0.052,0.0155,0.035,5,False,True,False
0.66,0.53,0.17,1.3905,0.5905,0.212,0.453,15,False,False,True
0.5,0.41,0.14,0.6615,0.2585,0.1625,0.196,9,False,True,False
0.24,0.175,0.045,0.07,0.0315,0.0235,0.02,5,False,True,False
0.475,0.355,0.125,0.4625,0.186,0.107,0.145,9,False,False,True
0.59,0.475,0.16,1.1015,0.4775,0.2555,0.295,13,True,False,False
0.575,0.45,0.13,0.8145,0.403,0.1715,0.213,10,False,True,False
0.25,0.19,0.065,0.0835,0.039,0.015,0.025,5,False,True,False
0.61,0.46,0.17,1.278,0.41,0.257,0.37,17,False,True,False
0.44,0.35,0.11,0.4585,0.2,0.0885,0.13,9,False,False,True
0.48,0.36,0.125,0.542,0.2795,0.1025,0.147,7,False,True,False
0.69,0.53,0.21,1.583,0.7355,0.405,0.3865,12,False,False,True
0.63,0.49,0.155,1.2525,0.63,0.246,0.289,9,False,False,True
0.5,0.405,0.14,0.6155,0.241,0.1355,0.205,9,False,False,True
0.255,0.18,0.065,0.079,0.034,0.014,0.025,5,False,False,True
0.655,0.525,0.175,1.348,0.5855,0.2605,0.394,10,True,False,False
0.6,0.47,0.13,1.0105,0.423,0.219,0.298,9,False,False,True
0.465,0.355,0.12,0.5805,0.255,0.0915,0.184,8,False,True,False
0.475,0.36,0.125,0.4905,0.205,0.1305,0.125,8,False,True,False
0.62,0.45,0.2,0.858,0.4285,0.1525,0.2405,8,False,False,True
0.615,0.47,0.155,1.2,0.5085,0.32,0.292,8,False,False,True
0.565,0.455,0.13,1.058,0.439,0.2645,0.3,10,True,False,False
0.5,0.405,0.14,0.6735,0.265,0.124,0.25,18,True,False,False
0.645,0.51,0.155,1.539,0.6405,0.3585,0.43,11,False,False,True
0.65,0.505,0.175,1.2075,0.5105,0.262,0.39,10,True,False,False
0.645,0.49,0.16,1.144,0.5015,0.289,0.319,8,True,False,False
0.69,0.525,0.175,1.7005,0.8255,0.362,0.405,8,False,False,True
0.725,0.56,0.21,2.141,0.65,0.398,1.005,18,True,False,False
0.585,0.46,0.165,1.1135,0.5825,0.2345,0.274,10,False,False,True
0.405,0.285,0.09,0.2645,0.1265,0.0505,0.075,6,False,True,False
0.595,0.48,0.14,0.9125,0.4095,0.1825,0.289,9,False,False,True
0.53,0.44,0.135,0.7835,0.313,0.1715,0.2185,9,True,False,False
0.225,0.16,0.045,0.0465,0.025,0.015,0.015,4,False,True,False
0.47,0.375,0.105,0.441,0.167,0.0865,0.145,10,False,True,False
0.47,0.345,0.115,0.4885,0.2005,0.108,0.166,11,False,True,False
0.685,0.54,0.215,1.7025,0.664,0.3655,0.4735,14,True,False,False
0.485,0.365,0.15,0.9145,0.4145,0.199,0.273,7,True,False,False
0.54,0.415,0.175,0.8975,0.275,0.241,0.275,14,True,False,False
0.585,0.45,0.16,0.9045,0.405,0.2215,0.2335,8,True,False,False
0.525,0.4,0.13,0.6455,0.325,0.1245,0.17,8,False,True,False
0.52,0.4,0.165,0.8565,0.2745,0.201,0.21,12,False,False,True
0.415,0.305,0.13,0.32,0.1305,0.0755,0.105,8,True,False,False
0.615,0.515,0.17,1.14,0.4305,0.2245,0.42,16,True,False,False
0.45,0.38,0.165,0.8165,0.25,0.1915,0.265,23,True,False,False
0.71,0.57,0.195,1.9805,0.9925,0.4925,0.48,12,True,False,False
0.7,0.55,0.2,1.523,0.693,0.306,0.4405,13,False,False,True
0.545,0.4,0.13,0.686,0.3285,0.1455,0.18,9,False,True,False
0.73,0.575,0.21,2.069,0.9285,0.409,0.643,11,False,False,True
0.555,0.425,0.18,0.875,0.3695,0.2005,0.255,11,False,True,False
0.32,0.225,0.085,0.1415,0.0675,0.0295,0.0405,6,False,True,False
0.535,0.45,0.17,0.781,0.3055,0.1555,0.295,11,False,True,False
0.555,0.44,0.145,0.8815,0.43,0.1975,0.2155,8,True,False,False
0.68,0.515,0.17,1.6115,0.8415,0.306,0.395,11,False,False,True
0.63,0.49,0.225,1.336,0.6805,0.259,0.3245,10,True,False,False
0.49,0.395,0.135,0.5545,0.213,0.0925,0.215,14,False,False,True
0.53,0.42,0.17,0.828,0.41,0.208,0.1505,6,True,False,False
0.745,0.565,0.215,1.931,0.896,0.4585,0.5,11,False,False,True
0.52,0.375,0.135,0.5375,0.221,0.117,0.17,8,True,False,False
0.605,0.47,0.18,1.1405,0.3755,0.2805,0.385,15,False,False,True
0.64,0.5,0.165,1.1635,0.554,0.239,0.32,11,True,False,False
0.56,0.44,0.155,0.6405,0.336,0.1765,0.245,8,True,False,False
0.34,0.255,0.085,0.204,0.097,0.021,0.05,6,True,False,False
0.475,0.36,0.11,0.452,0.191,0.099,0.13,8,False,True,False
0.495,0.375,0.115,0.6245,0.282,0.143,0.155,6,False,False,True
0.655,0.525,0.16,1.46,0.686,0.311,0.405,11,False,False,True
0.68,0.515,0.16,1.2345,0.618,0.2625,0.325,11,False,False,True
0.47,0.35,0.1,0.4775,0.1885,0.0885,0.175,8,False,False,True
0.53,0.41,0.145,0.8255,0.375,0.204,0.245,9,True,False,False
0.385,0.3,0.1,0.2895,0.1215,0.063,0.09,7,False,True,False
0.45,0.35,0.135,0.494,0.2205,0.0945,0.1405,7,False,True,False
0.485,0.375,0.135,0.556,0.1925,0.1315,0.1685,10,True,False,False
0.55,0.44,0.135,0.8435,0.434,0.1995,0.185,8,True,False,False
0.35,0.265,0.09,0.2255,0.0995,0.0485,0.07,7,False,False,True
0.69,0.53,0.17,1.5535,0.7945,0.3485,0.3695,9,True,False,False
0.52,0.395,0.125,0.5805,0.2445,0.146,0.165,9,False,True,False
0.565,0.44,0.125,0.802,0.3595,0.1825,0.215,9,False,False,True
0.53,0.42,0.14,0.627,0.2905,0.1165,0.183,8,True,False,False
0.5,0.385,0.11,0.596,0.3015,0.104,0.151,8,False,True,False
0.545,0.385,0.15,1.1185,0.5425,0.2445,0.2845,9,True,False,False
0.335,0.25,0.09,0.181,0.0755,0.0415,0.06,7,False,False,True
0.495,0.37,0.125,0.4715,0.2075,0.091,0.15,8,False,True,False
0.415,0.325,0.1,0.313,0.139,0.0625,0.0965,7,False,True,False
0.415,0.305,0.1,0.325,0.156,0.0505,0.091,6,False,False,True
0.635,0.5,0.165,1.4595,0.705,0.2645,0.39,9,True,False,False
0.65,0.525,0.18,1.626,0.597,0.3445,0.53,18,False,True,False
0.395,0.29,0.095,0.304,0.127,0.084,0.077,6,False,True,False
0.565,0.4,0.13,0.6975,0.3075,0.1665,0.18,8,True,False,False
0.48,0.39,0.145,0.5825,0.2315,0.121,0.255,15,False,True,False
0.55,0.415,0.175,1.042,0.3295,0.2325,0.2905,15,False,False,True
0.46,0.35,0.1,0.471,0.252,0.077,0.123,8,False,True,False
0.47,0.375,0.105,0.468,0.1665,0.108,0.17,10,False,True,False
0.35,0.26,0.09,0.195,0.0745,0.041,0.0655,9,False,False,True
0.625,0.485,0.175,1.3745,0.7335,0.2715,0.332,9,True,False,False
0.455,0.35,0.11,0.458,0.2,0.111,0.1305,8,False,False,True
0.3,0.24,0.09,0.161,0.0725,0.039,0.05,6,False,False,True
0.645,0.5,0.175,1.5105,0.6735,0.3755,0.3775,12,False,False,True
0.66,0.51,0.18,1.261,0.5,0.2335,0.339,10,False,False,True
0.4,0.315,0.105,0.287,0.1135,0.037,0.113,10,False,False,True
0.415,0.325,0.1,0.4665,0.2285,0.1065,0.114,7,False,True,False
0.67,0.505,0.16,1.2585,0.6255,0.311,0.308,12,False,False,True
0.585,0.415,0.155,0.6985,0.3,0.146,0.195,12,True,False,False
0.23,0.175,0.065,0.0645,0.026,0.0105,0.02,5,False,True,False
0.66,0.53,0.195,1.5505,0.6505,0.3295,0.495,10,False,False,True
0.525,0.4,0.17,0.7305,0.279,0.2055,0.195,11,False,False,True
0.525,0.425,0.125,0.812,0.4035,0.1705,0.195,8,False,False,True
0.55,0.435,0.17,0.884,0.2875,0.1645,0.28,14,True,False,False
0.575,0.45,0.135,0.8715,0.45,0.162,0.225,10,False,True,False
0.385,0.305,0.095,0.252,0.0915,0.055,0.09,14,False,True,False
0.165,0.12,0.05,0.021,0.0075,0.0045,0.014,3,False,True,False
0.635,0.525,0.205,1.484,0.55,0.3115,0.43,20,False,False,True
0.495,0.38,0.12,0.573,0.2655,0.1285,0.144,7,True,False,False
0.44,0.35,0.12,0.375,0.1425,0.0965,0.115,9,False,True,False
0.715,0.565,0.175,1.9525,0.7645,0.4185,0.4135,10,False,False,True
0.565,0.44,0.135,0.83,0.393,0.1735,0.238,9,True,False,False
0.595,0.46,0.14,1.0045,0.4655,0.2095,0.2515,9,True,False,False
0.6,0.475,0.19,1.0875,0.403,0.2655,0.325,14,False,False,True
0.325,0.245,0.075,0.1495,0.0605,0.033,0.045,5,False,True,False
0.66,0.53,0.18,1.5175,0.7765,0.302,0.401,10,True,False,False
0.53,0.42,0.135,0.675,0.294,0.156,0.1825,10,False,False,True
0.605,0.495,0.19,1.437,0.469,0.2655,0.41,15,True,False,False
0.53,0.42,0.135,0.677,0.2565,0.1415,0.21,9,True,False,False
0.6,0.48,0.17,1.056,0.4575,0.2435,0.3135,10,True,False,False
0.655,0.52,0.18,1.492,0.7185,0.36,0.355,11,False,False,True
0.33,0.255,0.085,0.1655,0.063,0.039,0.06,8,False,True,False
0.455,0.355,0.12,0.4495,0.177,0.104,0.15,9,True,False,False
0.53,0.395,0.115,0.5685,0.249,0.1375,0.161,9,True,False,False
0.52,0.4,0.12,0.6515,0.261,0.2015,0.165,15,True,False,False
0.62,0.485,0.205,1.219,0.3875,0.2505,0.385,14,False,False,True
0.695,0.515,0.175,1.5165,0.578,0.4105,0.39,15,False,False,True
0.61,0.48,0.14,1.0625,0.516,0.225,0.2915,11,False,False,True
0.365,0.295,0.08,0.2555,0.097,0.043,0.1,7,False,False,True
0.505,0.38,0.145,0.651,0.2935,0.19,0.17,12,True,False,False
0.54,0.39,0.125,0.6255,0.2525,0.158,0.19,8,False,True,False
0.59,0.465,0.15,1.151,0.613,0.239,0.2515,9,True,False,False
0.575,0.475,0.16,1.114,0.4955,0.2745,0.29,9,False,False,True
0.5,0.385,0.13,0.768,0.2625,0.095,0.27,13,True,False,False
0.65,0.525,0.165,1.238,0.647,0.2485,0.3005,9,True,False,False
0.595,0.47,0.155,1.121,0.4515,0.178,0.155,11,True,False,False
0.615,0.505,0.165,1.34,0.5315,0.2815,0.41,12,False,False,True
0.57,0.44,0.145,0.8815,0.3605,0.1955,0.2735,10,False,False,True
0.2,0.145,0.025,0.0345,0.011,0.0075,0.01,5,False,True,False
0.395,0.315,0.105,0.3515,0.1185,0.091,0.1195,16,True,False,False
0.66,0.485,0.155,1.2275,0.61,0.274,0.3,8,False,False,True
0.425,0.34,0.12,0.388,0.149,0.087,0.125,10,False,False,True
0.6,0.46,0.17,1.1805,0.456,0.337,0.329,11,False,False,True
0.65,0.51,0.185,1.375,0.531,0.384,0.3985,10,True,False,False
0.63,0.495,0.175,1.2695,0.605,0.271,0.328,11,False,False,True
0.34,0.25,0.07,0.2225,0.104,0.0425,0.055,7,False,True,False
0.505,0.4,0.135,0.723,0.377,0.149,0.178,7,False,False,True
0.555,0.435,0.135,0.858,0.377,0.1585,0.29,15,False,False,True
0.65,0.52,0.15,1.238,0.5495,0.296,0.3305,10,False,True,False
0.595,0.465,0.145,1.107,0.402,0.2415,0.31,12,True,False,False
0.58,0.445,0.17,1.178,0.3935,0.2165,0.315,20,False,True,False
0.745,0.575,0.2,1.884,0.954,0.336,0.495,12,False,False,True
0.67,0.52,0.19,1.6385,0.8115,0.369,0.391,9,False,False,True
0.49,0.37,0.14,0.585,0.243,0.115,0.195,10,True,False,False
0.565,0.465,0.175,0.995,0.3895,0.183,0.37,15,False,False,True
0.6,0.47,0.15,0.928,0.4225,0.183,0.275,8,False,False,True
0.47,0.345,0.12,0.3685,0.1525,0.0615,0.125,8,False,True,False
0.53,0.42,0.185,0.752,0.299,0.156,0.205,20,False,True,False
0.565,0.44,0.155,0.868,0.348,0.217,0.26,11,False,False,True
0.725,0.57,0.205,1.6195,0.744,0.315,0.488,11,True,False,False
0.425,0.325,0.11,0.405,0.1695,0.092,0.1065,8,False,True,False
0.685,0.535,0.175,1.432,0.637,0.247,0.46,11,False,False,True
0.59,0.475,0.165,1.077,0.4545,0.244,0.3095,9,False,False,True
0.535,0.405,0.175,1.2705,0.548,0.3265,0.337,13,False,False,True
0.625,0.505,0.175,1.131,0.5425,0.2265,0.323,8,False,False,True
0.425,0.34,0.1,0.382,0.164,0.096,0.1,6,False,True,False
0.52,0.395,0.18,0.64,0.158,0.11,0.245,22,True,False,False
0.355,0.265,0.085,0.201,0.069,0.053,0.0695,8,False,False,True
0.325,0.25,0.08,0.176,0.0595,0.0355,0.063,7,False,True,False
0.41,0.31,0.09,0.339,0.155,0.0695,0.09,7,False,True,False
0.37,0.285,0.105,0.27,0.1125,0.0585,0.0835,9,True,False,False
0.415,0.325,0.1,0.3215,0.1535,0.0595,0.105,10,False,True,False
0.375,0.285,0.09,0.257,0.1045,0.062,0.075,7,False,True,False
0.695,0.55,0.215,1.9565,0.7125,0.541,0.59,14,False,False,True
0.675,0.55,0.19,1.551,0.7105,0.3685,0.412,13,True,False,False
0.645,0.515,0.16,1.1845,0.506,0.311,0.335,9,False,False,True
0.37,0.275,0.085,0.2405,0.104,0.0535,0.07,5,True,False,False
0.64,0.565,0.23,1.521,0.644,0.372,0.406,15,False,False,True
0.64,0.525,0.18,1.3135,0.4865,0.2995,0.4075,10,False,False,True
0.55,0.425,0.15,0.806,0.376,0.171,0.245,14,False,True,False
0.67,0.52,0.175,1.4755,0.6275,0.379,0.374,10,False,False,True
0.495,0.4,0.155,0.6445,0.242,0.1325,0.205,17,True,False,False
0.545,0.43,0.14,0.687,0.2615,0.1405,0.25,9,False,True,False
0.49,0.375,0.135,0.6125,0.2555,0.102,0.22,11,True,False,False
0.63,0.465,0.15,1.027,0.537,0.188,0.176,8,False,False,True
0.63,0.5,0.175,1.1105,0.467,0.268,0.329,10,True,False,False
0.435,0.33,0.11,0.413,0.2055,0.096,0.096,6,False,True,False
0.435,0.325,0.1,0.342,0.1335,0.0835,0.105,6,False,True,False
0.6,0.475,0.17,1.1315,0.508,0.272,0.309,10,False,False,True
0.45,0.335,0.11,0.4195,0.181,0.085,0.1345,7,False,True,False
0.56,0.43,0.13,0.728,0.3355,0.1435,0.2175,8,False,True,False
0.305,0.225,0.07,0.1485,0.0585,0.0335,0.045,7,True,False,False
0.62,0.47,0.2,1.2255,0.381,0.27,0.435,23,True,False,False
0.375,0.285,0.09,0.2545,0.119,0.0595,0.0675,6,False,True,False
0.625,0.5,0.16,1.217,0.5725,0.207,0.355,11,True,False,False
0.405,0.29,0.09,0.2825,0.112,0.075,0.0815,7,False,True,False
0.4,0.3,0.11,0.2985,0.1375,0.071,0.075,6,False,True,False
0.59,0.455,0.155,1.066,0.382,0.2275,0.415,20,True,False,False
0.49,0.385,0.15,0.7865,0.241,0.14,0.24,23,True,False,False
0.475,0.375,0.13,0.5175,0.2075,0.1165,0.17,10,False,False,True
0.715,0.525,0.185,1.56,0.6655,0.383,0.405,11,True,False,False
0.72,0.575,0.215,2.226,0.8955,0.405,0.62,13,True,False,False
0.57,0.45,0.16,0.9715,0.3965,0.255,0.26,12,True,False,False
0.465,0.355,0.11,0.474,0.23,0.1005,0.12,7,False,True,False
0.635,0.495,0.175,1.2355,0.5205,0.3085,0.347,10,True,False,False
0.505,0.425,0.14,0.85,0.275,0.1625,0.285,19,True,False,False
0.495,0.355,0.12,0.4965,0.214,0.1045,0.1495,8,False,True,False
0.635,0.51,0.175,1.2125,0.5735,0.261,0.36,14,True,False,False
0.565,0.45,0.115,0.9085,0.398,0.197,0.29,17,False,False,True
0.355,0.255,0.08,0.187,0.078,0.0505,0.058,7,False,True,False
0.45,0.35,0.135,0.56,0.231,0.137,0.145,13,True,False,False
0.57,0.45,0.135,0.794,0.3815,0.1415,0.245,8,False,True,False
0.725,0.53,0.19,1.7315,0.83,0.398,0.405,11,True,False,False
0.485,0.375,0.14,0.521,0.2,0.123,0.17,8,False,True,False
0.64,0.48,0.145,1.1145,0.508,0.24,0.34,10,True,False,False
0.67,0.52,0.195,1.8065,0.758,0.3735,0.5055,11,True,False,False
0.27,0.195,0.07,0.102,0.045,0.0135,0.034,8,False,True,False
0.45,0.355,0.11,0.4585,0.194,0.067,0.14,8,False,True,False
0.545,0.445,0.175,0.8525,0.3465,0.189,0.295,13,True,False,False
0.465,0.36,0.125,0.4365,0.169,0.1075,0.145,11,False,False,True
0.61,0.495,0.185,1.153,0.536,0.2905,0.245,8,True,False,False
0.56,0.43,0.15,0.8745,0.453,0.161,0.22,8,True,False,False
0.63,0.5,0.185,1.362,0.5785,0.3125,0.384,10,False,False,True
0.57,0.42,0.16,0.8875,0.4315,0.1915,0.223,8,True,False,False
0.385,0.3,0.09,0.308,0.1525,0.056,0.0835,8,False,True,False
0.375,0.275,0.085,0.22,0.109,0.05,0.0605,7,False,True,False
0.61,0.48,0.15,1.1495,0.564,0.274,0.264,8,False,False,True
0.565,0.45,0.14,1.0055,0.3785,0.244,0.265,12,False,False,True
0.525,0.405,0.15,0.795,0.3075,0.205,0.255,14,False,True,False
0.495,0.4,0.12,0.6605,0.2605,0.161,0.19,15,False,False,True
0.57,0.445,0.14,1.0635,0.5265,0.2195,0.24,8,False,False,True
0.6,0.47,0.165,1.059,0.504,0.241,0.275,9,False,False,True
0.565,0.455,0.175,1.013,0.342,0.207,0.35,19,True,False,False
0.605,0.475,0.155,1.161,0.572,0.2455,0.275,9,False,False,True
0.685,0.525,0.175,1.71,0.5415,0.309,0.58,16,True,False,False
0.435,0.315,0.11,0.3685,0.1615,0.0715,0.12,7,False,True,False
0.4,0.31,0.11,0.314,0.138,0.057,0.1,11,False,False,True
0.58,0.49,0.13,1.1335,0.586,0.2565,0.237,9,False,False,True
0.45,0.345,0.135,0.443,0.1975,0.0875,0.1175,14,False,True,False
0.58,0.45,0.185,0.9955,0.3945,0.272,0.285,11,True,False,False
0.545,0.42,0.165,0.8935,0.4235,0.2195,0.228,8,False,True,False
0.535,0.4,0.15,1.224,0.618,0.275,0.2875,10,True,False,False
0.485,0.385,0.13,0.568,0.2505,0.178,0.154,7,False,True,False
0.63,0.495,0.18,1.31,0.495,0.295,0.4695,10,False,False,True
0.395,0.325,0.105,0.306,0.111,0.0735,0.095,8,False,True,False
0.52,0.4,0.145,0.7765,0.3525,0.1845,0.185,9,False,False,True
0.55,0.45,0.13,0.804,0.3375,0.1405,0.23,6,False,True,False
0.36,0.275,0.11,0.2335,0.095,0.0525,0.085,10,False,True,False
0.425,0.33,0.115,0.406,0.1635,0.081,0.1355,8,True,False,False
0.49,0.375,0.115,0.4615,0.204,0.0945,0.143,8,False,True,False
0.59,0.455,0.165,1.161,0.38,0.2455,0.28,12,True,False,False
0.68,0.52,0.175,1.543,0.7525,0.351,0.374,11,False,False,True
0.575,0.45,0.155,0.886,0.3605,0.211,0.2575,9,False,False,True
0.61,0.48,0.14,1.031,0.4375,0.2615,0.27,8,False,False,True
0.075,0.055,0.01,0.002,0.001,0.0005,0.0015,1,False,True,False
0.585,0.455,0.225,1.055,0.3815,0.221,0.365,15,False,False,True
0.69,0.54,0.185,1.6195,0.533,0.353,0.555,24,False,False,True
0.435,0.33,0.095,0.393,0.219,0.075,0.0885,6,False,True,False
0.36,0.25,0.115,0.465,0.21,0.1055,0.128,7,False,True,False
0.505,0.39,0.13,0.674,0.3165,0.141,0.1785,9,True,False,False
0.58,0.45,0.155,0.93,0.385,0.246,0.265,9,True,False,False
0.35,0.265,0.085,0.1735,0.0775,0.034,0.056,6,False,True,False
0.6,0.5,0.155,1.332,0.6235,0.2835,0.35,8,True,False,False
0.665,0.53,0.185,1.3955,0.456,0.3205,0.49,15,True,False,False
0.585,0.45,0.145,0.9835,0.4845,0.242,0.22,9,True,False,False
0.44,0.355,0.125,0.4775,0.132,0.0815,0.19,9,False,False,True
0.665,0.525,0.18,1.429,0.6715,0.29,0.4,12,False,False,True
0.49,0.395,0.12,0.674,0.3325,0.1235,0.185,9,False,False,True
0.58,0.45,0.145,1.137,0.5585,0.22,0.29,8,True,False,False
0.46,0.36,0.125,0.547,0.2165,0.1105,0.19,8,False,False,True
0.25,0.18,0.06,0.073,0.028,0.017,0.0225,5,False,True,False
0.535,0.435,0.15,0.725,0.269,0.1385,0.25,9,False,False,True
0.61,0.485,0.145,1.3305,0.783,0.2255,0.2865,9,False,False,True
0.455,0.345,0.15,0.5795,0.1685,0.125,0.215,13,False,False,True
0.32,0.235,0.065,0.1385,0.058,0.0225,0.05,5,False,True,False
0.41,0.305,0.09,0.3535,0.157,0.0745,0.1,7,False,True,False
0.495,0.415,0.165,0.7485,0.264,0.134,0.285,13,False,False,True
0.375,0.3,0.1,0.2465,0.104,0.0475,0.083,11,False,False,True
0.45,0.36,0.13,0.478,0.191,0.127,0.137,7,False,True,False
0.295,0.23,0.08,0.1625,0.065,0.05,0.0385,5,False,True,False
0.47,0.365,0.12,0.543,0.2295,0.1495,0.15,9,True,False,False
0.605,0.48,0.14,0.991,0.4735,0.2345,0.24,8,True,False,False
0.65,0.505,0.19,1.274,0.59,0.23,0.391,11,False,False,True
0.38,0.235,0.1,0.258,0.1055,0.054,0.08,7,False,False,True
0.565,0.44,0.155,0.9395,0.4275,0.214,0.27,12,True,False,False
0.575,0.44,0.125,0.8515,0.4555,0.1715,0.1965,9,False,True,False
0.495,0.38,0.12,0.474,0.197,0.1065,0.1545,10,False,False,True
0.41,0.325,0.1,0.3245,0.132,0.072,0.106,6,False,True,False
0.64,0.5,0.175,1.273,0.5065,0.2925,0.405,13,False,False,True
0.5,0.37,0.15,1.0615,0.494,0.223,0.296,9,False,False,True
0.62,0.5,0.175,1.107,0.4895,0.24,0.343,11,True,False,False
0.6,0.5,0.17,1.13,0.4405,0.267,0.335,11,True,False,False
0.39,0.31,0.085,0.344,0.181,0.0695,0.079,7,False,True,False
0.695,0.53,0.19,1.726,0.7625,0.436,0.455,11,False,False,True
0.59,0.47,0.18,1.187,0.5985,0.227,0.31,9,False,False,True
0.295,0.215,0.075,0.116,0.037,0.0295,0.04,8,False,True,False
0.37,0.28,0.085,0.217,0.1095,0.035,0.062,6,False,True,False
0.655,0.545,0.19,1.4245,0.6325,0.333,0.378,10,False,False,True
0.595,0.45,0.14,0.838,0.3965,0.194,0.217,10,False,False,True
0.49,0.38,0.12,0.529,0.2165,0.139,0.155,11,False,True,False
0.555,0.44,0.14,0.8705,0.407,0.156,0.255,9,False,False,True
0.5,0.395,0.14,0.7155,0.3165,0.176,0.24,10,True,False,False
0.61,0.48,0.165,1.097,0.4215,0.264,0.335,13,False,True,False
0.575,0.475,0.17,0.967,0.3775,0.284,0.275,13,False,True,False
0.55,0.415,0.145,0.7815,0.373,0.16,0.2215,8,False,True,False
0.73,0.575,0.185,1.8795,0.931,0.38,0.4825,12,True,False,False
0.44,0.345,0.115,0.545,0.269,0.111,0.1305,6,False,True,False
0.62,0.48,0.18,1.1305,0.5285,0.2655,0.306,12,False,True,False
0.63,0.495,0.165,1.3075,0.599,0.284,0.315,11,True,False,False
0.7,0.575,0.17,1.31,0.5095,0.314,0.42,14,True,False,False
0.56,0.44,0.165,0.8,0.335,0.1735,0.25,12,False,True,False
0.24,0.18,0.055,0.0555,0.0235,0.013,0.018,4,False,True,False
0.625,0.5,0.175,1.273,0.564,0.302,0.374,9,True,False,False
0.59,0.49,0.135,1.008,0.422,0.2245,0.285,11,False,False,True
0.705,0.535,0.18,1.685,0.693,0.42,0.4045,12,True,False,False
0.335,0.24,0.095,0.17,0.062,0.039,0.055,9,False,True,False
0.35,0.27,0.09,0.2055,0.075,0.0575,0.062,6,False,True,False
0.585,0.42,0.145,0.6735,0.2895,0.1345,0.22,9,False,True,False
0.16,0.12,0.02,0.018,0.0075,0.0045,0.005,4,False,True,False
0.46,0.35,0.115,0.4155,0.18,0.098,0.1175,7,False,True,False
0.715,0.525,0.2,1.89,0.95,0.436,0.4305,10,False,False,True
0.57,0.495,0.16,1.0915,0.452,0.275,0.315,14,True,False,False
0.56,0.435,0.15,0.8715,0.4755,0.1835,0.1835,9,True,False,False
0.35,0.255,0.09,0.1785,0.0855,0.0305,0.0525,8,False,True,False
0.725,0.57,0.19,2.3305,1.253,0.541,0.52,9,False,False,True
0.59,0.44,0.135,0.966,0.439,0.2145,0.2605,10,False,False,True
0.51,0.395,0.155,0.5395,0.2465,0.1085,0.167,8,False,True,False
0.58,0.46,0.165,1.2275,0.473,0.1965,0.435,16,False,False,True
0.235,0.175,0.04,0.0705,0.0335,0.015,0.02,5,False,True,False
0.49,0.385,0.125,0.649,0.32,0.124,0.1695,8,False,False,True
0.6,0.475,0.135,1.4405,0.5885,0.191,0.3175,9,True,False,False
0.66,0.52,0.18,1.514,0.526,0.2975,0.42,19,True,False,False
0.485,0.375,0.13,0.6025,0.2935,0.1285,0.16,7,False,True,False
0.43,0.325,0.115,0.3865,0.1475,0.1065,0.11,11,True,False,False
0.505,0.39,0.15,0.685,0.362,0.131,0.156,8,False,True,False
0.505,0.385,0.13,0.6435,0.3135,0.149,0.1515,7,False,False,True
0.625,0.5,0.17,1.0985,0.4645,0.22,0.354,9,False,False,True
0.59,0.485,0.12,0.911,0.39,0.182,0.29,16,False,False,True
0.57,0.415,0.13,0.88,0.4275,0.1955,0.238,13,False,False,True
0.52,0.41,0.115,0.807,0.2855,0.179,0.235,12,True,False,False
0.65,0.5,0.14,1.238,0.6165,0.2355,0.32,8,False,False,True
0.525,0.41,0.15,0.708,0.274,0.151,0.25,12,True,False,False
0.435,0.325,0.12,0.3995,0.1815,0.061,0.1125,8,False,True,False
0.665,0.54,0.195,1.764,0.8505,0.3615,0.47,11,True,False,False
0.15,0.1,0.025,0.015,0.0045,0.004,0.005,2,False,True,False
0.425,0.31,0.095,0.3505,0.1645,0.071,0.1,8,False,True,False
0.365,0.27,0.075,0.2215,0.095,0.0445,0.07,6,False,True,False
0.645,0.48,0.17,1.1345,0.528,0.254,0.305,10,True,False,False
0.255,0.19,0.06,0.086,0.04,0.0185,0.025,5,False,True,False
0.56,0.43,0.15,0.8825,0.3465,0.172,0.31,9,True,False,False
0.53,0.42,0.155,0.81,0.4725,0.111,0.192,10,False,True,False
0.475,0.37,0.125,0.537,0.222,0.1215,0.15,9,False,False,True
0.37,0.275,0.1,0.22,0.094,0.045,0.065,7,False,True,False
0.445,0.345,0.12,0.4035,0.169,0.0825,0.13,7,False,True,False
0.405,0.3,0.09,0.269,0.103,0.067,0.11,6,False,True,False
0.43,0.34,0.105,0.4405,0.2385,0.0745,0.1075,6,False,True,False
0.555,0.445,0.13,0.8625,0.4225,0.155,0.24,9,False,False,True
0.34,0.25,0.075,0.1785,0.0665,0.0455,0.045,5,False,True,False
0.57,0.45,0.155,0.91,0.326,0.1895,0.355,14,False,False,True
0.35,0.25,0.07,0.1605,0.0715,0.0335,0.046,6,False,True,False
0.485,0.37,0.115,0.637,0.38,0.1335,0.128,7,False,True,False
0.68,0.53,0.18,1.529,0.7635,0.3115,0.4025,11,False,False,True
0.58,0.45,0.145,1.0025,0.547,0.1975,0.2295,8,False,False,True
0.56,0.42,0.14,0.837,0.414,0.214,0.2,8,False,True,False
0.62,0.47,0.135,1.0195,0.5315,0.2005,0.2475,8,False,False,True
0.37,0.275,0.09,0.2065,0.096,0.0395,0.058,7,False,True,False
0.72,0.585,0.22,1.914,0.9155,0.448,0.479,11,False,False,True
0.425,0.325,0.11,0.317,0.135,0.048,0.09,8,False,True,False
0.66,0.535,0.19,1.5905,0.6425,0.297,0.5175,9,False,False,True
0.67,0.545,0.16,1.5415,0.5985,0.2565,0.495,15,True,False,False
0.435,0.345,0.115,0.418,0.222,0.0735,0.106,7,False,True,False
0.63,0.495,0.145,1.147,0.5455,0.266,0.2885,9,True,False,False
0.62,0.51,0.15,1.456,0.581,0.2875,0.32,13,True,False,False
0.63,0.485,0.18,1.2435,0.5175,0.308,0.37,11,False,False,True
0.495,0.395,0.125,0.5415,0.2375,0.1345,0.155,9,False,False,True
0.465,0.36,0.13,0.5265,0.2105,0.1185,0.165,10,False,False,True
0.58,0.435,0.14,0.953,0.475,0.2165,0.2095,9,True,False,False
0.605,0.455,0.16,1.1035,0.421,0.3015,0.325,9,False,False,True
0.68,0.56,0.195,1.7775,0.861,0.322,0.415,11,True,False,False
0.645,0.485,0.15,1.151,0.5935,0.2315,0.293,12,True,False,False
0.655,0.52,0.175,1.472,0.6275,0.27,0.45,13,True,False,False
0.645,0.515,0.185,1.4605,0.5835,0.3155,0.41,19,False,False,True
0.64,0.485,0.145,1.1335,0.5525,0.2505,0.3015,11,True,False,False
0.375,0.285,0.09,0.237,0.106,0.0395,0.08,8,False,True,False
0.535,0.45,0.135,0.728,0.2845,0.1845,0.265,9,False,True,False
0.685,0.535,0.175,1.5845,0.7175,0.3775,0.4215,9,True,False,False
0.535,0.42,0.145,0.6885,0.273,0.1515,0.237,9,False,True,False
0.28,0.22,0.08,0.1315,0.066,0.024,0.03,5,False,True,False
0.625,0.5,0.13,1.082,0.5785,0.2045,0.25,8,False,False,True
0.61,0.475,0.16,1.1155,0.3835,0.223,0.379,10,True,False,False
0.515,0.39,0.125,0.5705,0.238,0.1265,0.185,8,False,True,False
0.45,0.335,0.125,0.4475,0.2165,0.126,0.11,6,False,False,True
0.545,0.42,0.175,0.754,0.256,0.1775,0.275,10,True,False,False
0.37,0.28,0.11,0.2305,0.0945,0.0465,0.075,10,True,False,False
0.58,0.455,0.12,0.94,0.399,0.257,0.265,11,True,False,False
0.505,0.385,0.115,0.4825,0.21,0.1035,0.1535,10,False,False,True
0.63,0.48,0.165,1.2615,0.5505,0.277,0.3885,10,True,False,False
0.58,0.445,0.135,0.95,0.484,0.182,0.2325,8,True,False,False
0.495,0.33,0.1,0.44,0.177,0.095,0.15,7,False,True,False
0.59,0.465,0.165,1.115,0.5165,0.273,0.275,10,False,False,True
0.55,0.405,0.14,0.8025,0.244,0.1635,0.255,10,False,False,True
0.65,0.515,0.175,1.466,0.677,0.3045,0.4,10,False,False,True
0.56,0.45,0.185,1.07,0.3805,0.175,0.41,19,False,False,True
0.625,0.48,0.145,1.085,0.4645,0.2445,0.327,10,False,False,True
0.54,0.415,0.135,0.709,0.3195,0.174,0.185,9,False,True,False
0.615,0.475,0.175,1.194,0.559,0.259,0.3165,11,True,False,False
0.69,0.54,0.155,1.454,0.624,0.3105,0.39,9,True,False,False
0.6,0.495,0.175,1.3005,0.6195,0.284,0.3285,11,False,False,True
0.52,0.38,0.115,0.6645,0.3285,0.17,0.1425,7,False,True,False
0.51,0.4,0.12,0.7005,0.347,0.1105,0.195,10,True,False,False
0.735,0.57,0.175,1.88,0.9095,0.387,0.488,11,False,False,True
0.515,0.395,0.125,0.556,0.2695,0.096,0.17,8,False,True,False
0.52,0.41,0.14,0.5995,0.242,0.1375,0.182,11,False,True,False
0.73,0.58,0.19,1.7375,0.6785,0.4345,0.52,11,True,False,False
0.475,0.355,0.125,0.4865,0.2155,0.1105,0.142,9,False,True,False
0.665,0.515,0.18,1.389,0.5945,0.324,0.395,10,True,False,False
0.405,0.25,0.09,0.2875,0.128,0.063,0.0805,7,False,True,False
0.56,0.44,0.135,0.8025,0.35,0.1615,0.259,9,True,False,False
0.665,0.525,0.165,1.338,0.5515,0.3575,0.35,18,False,False,True
0.415,0.325,0.115,0.3455,0.1405,0.0765,0.11,9,True,False,False
0.38,0.3,0.09,0.3215,0.1545,0.075,0.095,9,True,False,False
0.435,0.33,0.125,0.406,0.1685,0.1055,0.096,12,False,True,False
0.44,0.345,0.105,0.4285,0.165,0.083,0.132,11,True,False,False
0.325,0.26,0.09,0.1915,0.085,0.036,0.062,7,True,False,False
0.43,0.325,0.11,0.3675,0.1355,0.0935,0.12,13,False,True,False
0.67,0.53,0.225,1.5615,0.63,0.487,0.3725,11,True,False,False
0.51,0.415,0.14,0.8185,0.3025,0.2155,0.235,16,False,False,True
0.615,0.475,0.205,1.337,0.5995,0.2815,0.37,11,False,False,True
0.62,0.48,0.165,1.043,0.4835,0.221,0.31,10,True,False,False
0.475,0.365,0.125,0.5465,0.229,0.1185,0.172,9,False,True,False
0.385,0.305,0.125,0.314,0.146,0.0555,0.08,10,True,False,False
0.445,0.35,0.13,0.4195,0.1695,0.0945,0.1195,7,False,True,False
0.36,0.27,0.1,0.217,0.0885,0.0495,0.0715,6,False,False,True
0.11,0.09,0.03,0.008,0.0025,0.002,0.003,3,False,True,False
0.545,0.42,0.125,0.9745,0.353,0.174,0.305,13,False,False,True
0.375,0.29,0.08,0.282,0.1405,0.0725,0.08,7,True,False,False
0.59,0.47,0.16,1.206,0.479,0.2425,0.309,8,False,False,True
0.195,0.145,0.05,0.032,0.01,0.008,0.012,4,False,False,True
0.37,0.275,0.1,0.2295,0.0885,0.0465,0.07,7,False,True,False
0.49,0.39,0.15,0.573,0.225,0.124,0.17,21,False,False,True
0.585,0.45,0.175,1.1275,0.4925,0.262,0.335,11,False,False,True
0.415,0.325,0.11,0.316,0.1385,0.0795,0.0925,8,False,True,False
0.66,0.53,0.185,1.346,0.546,0.2705,0.476,11,True,False,False
0.58,0.425,0.15,0.844,0.3645,0.185,0.2705,9,True,False,False
0.655,0.5,0.14,1.1705,0.5405,0.3175,0.285,12,True,False,False
0.34,0.265,0.085,0.1835,0.077,0.046,0.065,10,False,False,True
0.65,0.525,0.205,1.4275,0.69,0.306,0.4355,13,False,False,True
0.46,0.35,0.115,0.44,0.19,0.1025,0.13,8,True,False,False
0.585,0.465,0.165,0.885,0.4025,0.1625,0.274,10,False,False,True
0.495,0.4,0.145,0.578,0.2545,0.1305,0.1645,8,False,True,False
0.71,0.575,0.175,1.555,0.6465,0.3705,0.52,15,True,False,False
0.385,0.3,0.09,0.247,0.1225,0.044,0.0675,5,False,True,False
0.65,0.5,0.19,1.464,0.6415,0.339,0.4245,9,True,False,False
0.385,0.265,0.08,0.251,0.124,0.037,0.07,6,False,True,False
0.62,0.515,0.175,1.221,0.535,0.241,0.395,13,False,False,True
0.57,0.465,0.155,0.872,0.3245,0.239,0.285,14,True,False,False
0.435,0.325,0.1,0.366,0.174,0.0725,0.109,7,False,True,False
0.365,0.26,0.115,0.218,0.0935,0.0445,0.07,9,False,True,False
0.33,0.205,0.095,0.1595,0.077,0.032,0.0435,5,False,True,False
0.435,0.35,0.12,0.4585,0.192,0.1,0.13,11,True,False,False
0.515,0.39,0.13,0.5755,0.1975,0.13,0.1845,9,True,False,False
0.61,0.45,0.19,1.0805,0.517,0.2495,0.2935,10,False,False,True
0.26,0.19,0.075,0.0945,0.0445,0.02,0.03,6,False,False,True
0.735,0.59,0.225,1.756,0.637,0.3405,0.58,21,False,False,True
0.605,0.47,0.16,1.1735,0.4975,0.2405,0.345,12,False,False,True
0.53,0.435,0.135,0.7365,0.3275,0.1315,0.22,12,False,False,True
0.555,0.42,0.14,0.868,0.33,0.243,0.21,13,True,False,False
0.57,0.44,0.175,0.9415,0.3805,0.2285,0.283,9,False,False,True
0.6,0.46,0.145,0.9325,0.3985,0.2245,0.248,8,True,False,False
0.565,0.43,0.15,0.8215,0.332,0.1685,0.29,11,False,True,False
0.255,0.19,0.07,0.0815,0.028,0.016,0.031,5,False,True,False
0.735,0.6,0.22,2.555,1.1335,0.44,0.6,11,True,False,False
0.4,0.31,0.115,0.314,0.1545,0.0595,0.087,6,False,True,False
0.55,0.405,0.15,0.9235,0.412,0.2135,0.24,7,False,False,True
0.51,0.395,0.13,0.6025,0.281,0.143,0.162,7,False,True,False
0.59,0.475,0.155,0.9715,0.371,0.235,0.28,11,True,False,False
0.515,0.405,0.14,0.8505,0.312,0.146,0.315,17,False,False,True
0.455,0.35,0.14,0.5185,0.221,0.1265,0.135,10,True,False,False
0.615,0.495,0.2,1.219,0.564,0.227,0.3885,10,False,False,True
0.695,0.545,0.185,1.5715,0.6645,0.3835,0.4505,13,False,False,True
0.535,0.46,0.145,0.7875,0.3395,0.2005,0.2,8,True,False,False
0.65,0.515,0.18,1.463,0.658,0.3135,0.4115,11,False,False,True
0.535,0.415,0.17,0.879,0.295,0.1965,0.285,10,True,False,False
0.57,0.48,0.18,0.9395,0.399,0.2,0.295,14,False,False,True
0.475,0.36,0.1,0.4285,0.1965,0.099,0.112,7,False,False,True
0.505,0.405,0.14,0.875,0.2665,0.174,0.285,12,False,False,True
0.56,0.41,0.165,0.93,0.3505,0.237,0.3,13,False,False,True
0.36,0.295,0.105,0.241,0.0865,0.053,0.095,8,False,False,True
0.455,0.375,0.125,0.484,0.2155,0.102,0.165,7,False,False,True
0.44,0.35,0.125,0.4035,0.175,0.063,0.129,9,True,False,False
0.33,0.215,0.075,0.1145,0.045,0.0265,0.035,6,False,False,True
0.65,0.495,0.175,1.227,0.528,0.258,0.37,11,True,False,False
0.52,0.4,0.125,0.559,0.254,0.139,0.149,8,False,False,True
0.66,0.5,0.175,1.3275,0.556,0.2805,0.4085,9,True,False,False
0.385,0.285,0.085,0.244,0.1215,0.0445,0.068,8,False,True,False
0.49,0.37,0.105,0.5265,0.249,0.1005,0.148,7,True,False,False
